ISO-10303-21;
HEADER;
/* Generated by software containing ST-Developer
 * from STEP Tools, Inc. (www.steptools.com) 
 */

FILE_DESCRIPTION(
/* description */ (''),
/* implementation_level */ '2;1');

FILE_NAME(
/* name */ 'macropad_case.step',
/* time_stamp */ '2025-08-26T23:00:47+02:00',
/* author */ (''),
/* organization */ (''),
/* preprocessor_version */ 'ST-DEVELOPER v20.1',
/* originating_system */ 'Autodesk Translation Framework v14.10.0.0',
/* authorisation */ '');

FILE_SCHEMA (('AUTOMOTIVE_DESIGN { 1 0 10303 214 3 1 1 }'));
ENDSEC;

DATA;
#10=MECHANICAL_DESIGN_GEOMETRIC_PRESENTATION_REPRESENTATION('',(#13),#2109);
#11=SHAPE_REPRESENTATION_RELATIONSHIP('SRR','None',#2116,#12);
#12=ADVANCED_BREP_SHAPE_REPRESENTATION('',(#14),#2108);
#13=STYLED_ITEM('',(#2126),#14);
#14=MANIFOLD_SOLID_BREP('Body1',#1213);
#15=FACE_BOUND('',#234,.T.);
#16=FACE_BOUND('',#238,.T.);
#17=FACE_BOUND('',#242,.T.);
#18=FACE_BOUND('',#251,.T.);
#19=FACE_BOUND('',#253,.T.);
#20=FACE_BOUND('',#254,.T.);
#21=FACE_BOUND('',#255,.T.);
#22=FACE_BOUND('',#256,.T.);
#23=FACE_BOUND('',#257,.T.);
#24=FACE_BOUND('',#258,.T.);
#25=FACE_BOUND('',#259,.T.);
#26=FACE_BOUND('',#260,.T.);
#27=FACE_BOUND('',#263,.T.);
#28=FACE_BOUND('',#276,.T.);
#29=FACE_BOUND('',#288,.T.);
#30=FACE_BOUND('',#291,.T.);
#31=FACE_BOUND('',#294,.T.);
#32=FACE_BOUND('',#297,.T.);
#33=FACE_BOUND('',#310,.T.);
#34=FACE_BOUND('',#311,.T.);
#35=FACE_BOUND('',#312,.T.);
#36=FACE_BOUND('',#313,.T.);
#37=FACE_BOUND('',#319,.T.);
#38=CYLINDRICAL_SURFACE('',#1243,9.99999967889998);
#39=CYLINDRICAL_SURFACE('',#1246,9.99999967882999);
#40=CYLINDRICAL_SURFACE('',#1254,2.5);
#41=CYLINDRICAL_SURFACE('',#1257,4.);
#42=CYLINDRICAL_SURFACE('',#1261,2.5);
#43=CYLINDRICAL_SURFACE('',#1264,4.);
#44=CYLINDRICAL_SURFACE('',#1270,1.5);
#45=CYLINDRICAL_SURFACE('',#1274,1.5);
#46=CYLINDRICAL_SURFACE('',#1278,4.);
#47=CYLINDRICAL_SURFACE('',#1292,4.);
#48=CYLINDRICAL_SURFACE('',#1295,4.99999999999999);
#49=CYLINDRICAL_SURFACE('',#1299,5.);
#50=CYLINDRICAL_SURFACE('',#1303,5.);
#51=CYLINDRICAL_SURFACE('',#1307,5.);
#52=CYLINDRICAL_SURFACE('',#1320,1.97);
#53=CYLINDRICAL_SURFACE('',#1323,1.97);
#54=CYLINDRICAL_SURFACE('',#1326,1.97);
#55=CYLINDRICAL_SURFACE('',#1329,1.97);
#56=CYLINDRICAL_SURFACE('',#1332,1.99999999999999);
#57=CYLINDRICAL_SURFACE('',#1336,2.00000001490116);
#58=CYLINDRICAL_SURFACE('',#1340,1.99999999999999);
#59=CYLINDRICAL_SURFACE('',#1344,2.);
#60=CYLINDRICAL_SURFACE('',#1348,0.999999999999996);
#61=CYLINDRICAL_SURFACE('',#1351,1.);
#62=CYLINDRICAL_SURFACE('',#1354,1.00000001490116);
#63=CYLINDRICAL_SURFACE('',#1357,0.999999999999996);
#64=CYLINDRICAL_SURFACE('',#1361,4.99999967883);
#65=CYLINDRICAL_SURFACE('',#1362,4.99999967883399);
#66=CYLINDRICAL_SURFACE('',#1366,4.99999967883);
#67=CYLINDRICAL_SURFACE('',#1368,4.99999967889998);
#68=CYLINDRICAL_SURFACE('',#1371,9.99999967883398);
#69=CYLINDRICAL_SURFACE('',#1373,9.99999967882999);
#70=CIRCLE('',#1229,9.49999967882999);
#71=CIRCLE('',#1230,9.99999967882999);
#72=CIRCLE('',#1233,9.49999967889998);
#73=CIRCLE('',#1234,9.99999967889998);
#74=CIRCLE('',#1237,9.49999967883399);
#75=CIRCLE('',#1238,9.99999967883398);
#76=CIRCLE('',#1241,9.49999967883001);
#77=CIRCLE('',#1242,9.99999967882999);
#78=CIRCLE('',#1244,9.99999967889998);
#79=CIRCLE('',#1247,9.99999967882999);
#80=CIRCLE('',#1250,4.99999967889998);
#81=CIRCLE('',#1251,4.99999967883);
#82=CIRCLE('',#1252,4.99999967883);
#83=CIRCLE('',#1253,4.99999967883399);
#84=CIRCLE('',#1255,2.5);
#85=CIRCLE('',#1256,2.5);
#86=CIRCLE('',#1258,4.);
#87=CIRCLE('',#1259,4.);
#88=CIRCLE('',#1262,2.5);
#89=CIRCLE('',#1263,2.5);
#90=CIRCLE('',#1265,4.);
#91=CIRCLE('',#1266,4.);
#92=CIRCLE('',#1271,1.5);
#93=CIRCLE('',#1272,1.5);
#94=CIRCLE('',#1275,1.5);
#95=CIRCLE('',#1276,1.5);
#96=CIRCLE('',#1279,4.);
#97=CIRCLE('',#1280,4.);
#98=CIRCLE('',#1283,4.99999967883399);
#99=CIRCLE('',#1284,4.99999967883);
#100=CIRCLE('',#1285,4.99999967883);
#101=CIRCLE('',#1286,4.99999967889998);
#102=CIRCLE('',#1287,4.);
#103=CIRCLE('',#1288,1.99999999999999);
#104=CIRCLE('',#1289,2.00000001490116);
#105=CIRCLE('',#1290,1.99999999999999);
#106=CIRCLE('',#1291,2.);
#107=CIRCLE('',#1293,4.);
#108=CIRCLE('',#1296,4.99999999999999);
#109=CIRCLE('',#1297,4.99999999999999);
#110=CIRCLE('',#1300,5.);
#111=CIRCLE('',#1301,5.);
#112=CIRCLE('',#1304,5.);
#113=CIRCLE('',#1305,5.);
#114=CIRCLE('',#1308,5.);
#115=CIRCLE('',#1309,5.);
#116=CIRCLE('',#1315,1.97);
#117=CIRCLE('',#1316,1.97);
#118=CIRCLE('',#1317,1.97);
#119=CIRCLE('',#1318,1.97);
#120=CIRCLE('',#1321,1.97);
#121=CIRCLE('',#1324,1.97);
#122=CIRCLE('',#1327,1.97);
#123=CIRCLE('',#1330,1.97);
#124=CIRCLE('',#1333,1.99999999999999);
#125=CIRCLE('',#1335,0.999999999999996);
#126=CIRCLE('',#1337,2.00000001490116);
#127=CIRCLE('',#1339,1.00000001490116);
#128=CIRCLE('',#1341,1.99999999999999);
#129=CIRCLE('',#1343,0.999999999999996);
#130=CIRCLE('',#1345,2.);
#131=CIRCLE('',#1347,1.);
#132=CIRCLE('',#1349,0.999999999999996);
#133=CIRCLE('',#1352,1.);
#134=CIRCLE('',#1355,1.00000001490116);
#135=CIRCLE('',#1358,0.999999999999996);
#136=CIRCLE('',#1364,9.99999967882999);
#137=CIRCLE('',#1365,9.99999967883398);
#138=CONICAL_SURFACE('',#1228,9.74999967882999,0.785398163397447);
#139=CONICAL_SURFACE('',#1232,9.74999967889998,0.785398163397445);
#140=CONICAL_SURFACE('',#1236,9.74999967883398,0.785398163397441);
#141=CONICAL_SURFACE('',#1240,9.74999967883,0.785398163397433);
#142=FACE_OUTER_BOUND('',#221,.T.);
#143=FACE_OUTER_BOUND('',#222,.T.);
#144=FACE_OUTER_BOUND('',#223,.T.);
#145=FACE_OUTER_BOUND('',#224,.T.);
#146=FACE_OUTER_BOUND('',#225,.T.);
#147=FACE_OUTER_BOUND('',#226,.T.);
#148=FACE_OUTER_BOUND('',#227,.T.);
#149=FACE_OUTER_BOUND('',#228,.T.);
#150=FACE_OUTER_BOUND('',#229,.T.);
#151=FACE_OUTER_BOUND('',#230,.T.);
#152=FACE_OUTER_BOUND('',#231,.T.);
#153=FACE_OUTER_BOUND('',#232,.T.);
#154=FACE_OUTER_BOUND('',#233,.T.);
#155=FACE_OUTER_BOUND('',#235,.T.);
#156=FACE_OUTER_BOUND('',#236,.T.);
#157=FACE_OUTER_BOUND('',#237,.T.);
#158=FACE_OUTER_BOUND('',#239,.T.);
#159=FACE_OUTER_BOUND('',#240,.T.);
#160=FACE_OUTER_BOUND('',#241,.T.);
#161=FACE_OUTER_BOUND('',#243,.T.);
#162=FACE_OUTER_BOUND('',#244,.T.);
#163=FACE_OUTER_BOUND('',#245,.T.);
#164=FACE_OUTER_BOUND('',#246,.T.);
#165=FACE_OUTER_BOUND('',#247,.T.);
#166=FACE_OUTER_BOUND('',#248,.T.);
#167=FACE_OUTER_BOUND('',#249,.T.);
#168=FACE_OUTER_BOUND('',#250,.T.);
#169=FACE_OUTER_BOUND('',#252,.T.);
#170=FACE_OUTER_BOUND('',#261,.T.);
#171=FACE_OUTER_BOUND('',#262,.T.);
#172=FACE_OUTER_BOUND('',#264,.T.);
#173=FACE_OUTER_BOUND('',#265,.T.);
#174=FACE_OUTER_BOUND('',#266,.T.);
#175=FACE_OUTER_BOUND('',#267,.T.);
#176=FACE_OUTER_BOUND('',#268,.T.);
#177=FACE_OUTER_BOUND('',#269,.T.);
#178=FACE_OUTER_BOUND('',#270,.T.);
#179=FACE_OUTER_BOUND('',#271,.T.);
#180=FACE_OUTER_BOUND('',#272,.T.);
#181=FACE_OUTER_BOUND('',#273,.T.);
#182=FACE_OUTER_BOUND('',#274,.T.);
#183=FACE_OUTER_BOUND('',#275,.T.);
#184=FACE_OUTER_BOUND('',#277,.T.);
#185=FACE_OUTER_BOUND('',#278,.T.);
#186=FACE_OUTER_BOUND('',#279,.T.);
#187=FACE_OUTER_BOUND('',#280,.T.);
#188=FACE_OUTER_BOUND('',#281,.T.);
#189=FACE_OUTER_BOUND('',#282,.T.);
#190=FACE_OUTER_BOUND('',#283,.T.);
#191=FACE_OUTER_BOUND('',#284,.T.);
#192=FACE_OUTER_BOUND('',#285,.T.);
#193=FACE_OUTER_BOUND('',#286,.T.);
#194=FACE_OUTER_BOUND('',#287,.T.);
#195=FACE_OUTER_BOUND('',#289,.T.);
#196=FACE_OUTER_BOUND('',#290,.T.);
#197=FACE_OUTER_BOUND('',#292,.T.);
#198=FACE_OUTER_BOUND('',#293,.T.);
#199=FACE_OUTER_BOUND('',#295,.T.);
#200=FACE_OUTER_BOUND('',#296,.T.);
#201=FACE_OUTER_BOUND('',#298,.T.);
#202=FACE_OUTER_BOUND('',#299,.T.);
#203=FACE_OUTER_BOUND('',#300,.T.);
#204=FACE_OUTER_BOUND('',#301,.T.);
#205=FACE_OUTER_BOUND('',#302,.T.);
#206=FACE_OUTER_BOUND('',#303,.T.);
#207=FACE_OUTER_BOUND('',#304,.T.);
#208=FACE_OUTER_BOUND('',#305,.T.);
#209=FACE_OUTER_BOUND('',#306,.T.);
#210=FACE_OUTER_BOUND('',#307,.T.);
#211=FACE_OUTER_BOUND('',#308,.T.);
#212=FACE_OUTER_BOUND('',#309,.T.);
#213=FACE_OUTER_BOUND('',#314,.T.);
#214=FACE_OUTER_BOUND('',#315,.T.);
#215=FACE_OUTER_BOUND('',#316,.T.);
#216=FACE_OUTER_BOUND('',#317,.T.);
#217=FACE_OUTER_BOUND('',#318,.T.);
#218=FACE_OUTER_BOUND('',#320,.T.);
#219=FACE_OUTER_BOUND('',#321,.T.);
#220=FACE_OUTER_BOUND('',#322,.T.);
#221=EDGE_LOOP('',(#771,#772,#773,#774));
#222=EDGE_LOOP('',(#775,#776,#777,#778));
#223=EDGE_LOOP('',(#779,#780,#781,#782));
#224=EDGE_LOOP('',(#783,#784,#785,#786));
#225=EDGE_LOOP('',(#787,#788,#789,#790));
#226=EDGE_LOOP('',(#791,#792,#793,#794));
#227=EDGE_LOOP('',(#795,#796,#797,#798));
#228=EDGE_LOOP('',(#799,#800,#801,#802));
#229=EDGE_LOOP('',(#803,#804,#805,#806));
#230=EDGE_LOOP('',(#807,#808,#809,#810));
#231=EDGE_LOOP('',(#811,#812,#813,#814));
#232=EDGE_LOOP('',(#815,#816,#817,#818));
#233=EDGE_LOOP('',(#819,#820,#821,#822,#823,#824,#825,#826));
#234=EDGE_LOOP('',(#827,#828,#829,#830,#831,#832,#833,#834));
#235=EDGE_LOOP('',(#835,#836,#837,#838));
#236=EDGE_LOOP('',(#839,#840,#841,#842));
#237=EDGE_LOOP('',(#843));
#238=EDGE_LOOP('',(#844));
#239=EDGE_LOOP('',(#845,#846,#847,#848));
#240=EDGE_LOOP('',(#849,#850,#851,#852));
#241=EDGE_LOOP('',(#853));
#242=EDGE_LOOP('',(#854));
#243=EDGE_LOOP('',(#855));
#244=EDGE_LOOP('',(#856));
#245=EDGE_LOOP('',(#857,#858,#859,#860));
#246=EDGE_LOOP('',(#861));
#247=EDGE_LOOP('',(#862,#863,#864,#865));
#248=EDGE_LOOP('',(#866));
#249=EDGE_LOOP('',(#867,#868,#869,#870));
#250=EDGE_LOOP('',(#871));
#251=EDGE_LOOP('',(#872));
#252=EDGE_LOOP('',(#873,#874,#875,#876,#877,#878,#879,#880,#881,#882,#883,
#884));
#253=EDGE_LOOP('',(#885));
#254=EDGE_LOOP('',(#886));
#255=EDGE_LOOP('',(#887));
#256=EDGE_LOOP('',(#888));
#257=EDGE_LOOP('',(#889));
#258=EDGE_LOOP('',(#890));
#259=EDGE_LOOP('',(#891));
#260=EDGE_LOOP('',(#892));
#261=EDGE_LOOP('',(#893,#894,#895,#896));
#262=EDGE_LOOP('',(#897));
#263=EDGE_LOOP('',(#898));
#264=EDGE_LOOP('',(#899,#900,#901,#902));
#265=EDGE_LOOP('',(#903));
#266=EDGE_LOOP('',(#904,#905,#906,#907));
#267=EDGE_LOOP('',(#908));
#268=EDGE_LOOP('',(#909,#910,#911,#912));
#269=EDGE_LOOP('',(#913));
#270=EDGE_LOOP('',(#914,#915,#916,#917));
#271=EDGE_LOOP('',(#918));
#272=EDGE_LOOP('',(#919,#920,#921,#922));
#273=EDGE_LOOP('',(#923,#924,#925,#926));
#274=EDGE_LOOP('',(#927,#928,#929,#930));
#275=EDGE_LOOP('',(#931,#932,#933,#934));
#276=EDGE_LOOP('',(#935,#936,#937,#938,#939,#940,#941,#942));
#277=EDGE_LOOP('',(#943,#944,#945,#946));
#278=EDGE_LOOP('',(#947,#948,#949,#950));
#279=EDGE_LOOP('',(#951,#952,#953,#954));
#280=EDGE_LOOP('',(#955,#956,#957,#958));
#281=EDGE_LOOP('',(#959,#960,#961,#962,#963,#964,#965,#966));
#282=EDGE_LOOP('',(#967,#968,#969,#970));
#283=EDGE_LOOP('',(#971,#972,#973,#974));
#284=EDGE_LOOP('',(#975,#976,#977,#978));
#285=EDGE_LOOP('',(#979,#980,#981,#982));
#286=EDGE_LOOP('',(#983,#984,#985,#986));
#287=EDGE_LOOP('',(#987));
#288=EDGE_LOOP('',(#988));
#289=EDGE_LOOP('',(#989,#990,#991,#992));
#290=EDGE_LOOP('',(#993));
#291=EDGE_LOOP('',(#994));
#292=EDGE_LOOP('',(#995,#996,#997,#998));
#293=EDGE_LOOP('',(#999));
#294=EDGE_LOOP('',(#1000));
#295=EDGE_LOOP('',(#1001,#1002,#1003,#1004));
#296=EDGE_LOOP('',(#1005));
#297=EDGE_LOOP('',(#1006));
#298=EDGE_LOOP('',(#1007,#1008,#1009,#1010));
#299=EDGE_LOOP('',(#1011));
#300=EDGE_LOOP('',(#1012,#1013,#1014,#1015));
#301=EDGE_LOOP('',(#1016));
#302=EDGE_LOOP('',(#1017,#1018,#1019,#1020));
#303=EDGE_LOOP('',(#1021));
#304=EDGE_LOOP('',(#1022,#1023,#1024,#1025));
#305=EDGE_LOOP('',(#1026));
#306=EDGE_LOOP('',(#1027,#1028,#1029,#1030));
#307=EDGE_LOOP('',(#1031,#1032,#1033,#1034));
#308=EDGE_LOOP('',(#1035,#1036,#1037,#1038));
#309=EDGE_LOOP('',(#1039,#1040,#1041,#1042,#1043,#1044,#1045,#1046));
#310=EDGE_LOOP('',(#1047));
#311=EDGE_LOOP('',(#1048));
#312=EDGE_LOOP('',(#1049));
#313=EDGE_LOOP('',(#1050));
#314=EDGE_LOOP('',(#1051,#1052,#1053,#1054));
#315=EDGE_LOOP('',(#1055,#1056,#1057,#1058));
#316=EDGE_LOOP('',(#1059,#1060,#1061,#1062));
#317=EDGE_LOOP('',(#1063,#1064,#1065,#1066));
#318=EDGE_LOOP('',(#1067,#1068,#1069,#1070));
#319=EDGE_LOOP('',(#1071,#1072,#1073,#1074,#1075,#1076,#1077,#1078));
#320=EDGE_LOOP('',(#1079,#1080,#1081,#1082));
#321=EDGE_LOOP('',(#1083,#1084,#1085,#1086));
#322=EDGE_LOOP('',(#1087,#1088,#1089,#1090));
#323=LINE('',#1766,#415);
#324=LINE('',#1768,#416);
#325=LINE('',#1770,#417);
#326=LINE('',#1771,#418);
#327=LINE('',#1775,#419);
#328=LINE('',#1781,#420);
#329=LINE('',#1782,#421);
#330=LINE('',#1783,#422);
#331=LINE('',#1787,#423);
#332=LINE('',#1793,#424);
#333=LINE('',#1794,#425);
#334=LINE('',#1795,#426);
#335=LINE('',#1799,#427);
#336=LINE('',#1805,#428);
#337=LINE('',#1806,#429);
#338=LINE('',#1807,#430);
#339=LINE('',#1813,#431);
#340=LINE('',#1816,#432);
#341=LINE('',#1819,#433);
#342=LINE('',#1820,#434);
#343=LINE('',#1823,#435);
#344=LINE('',#1827,#436);
#345=LINE('',#1828,#437);
#346=LINE('',#1832,#438);
#347=LINE('',#1836,#439);
#348=LINE('',#1840,#440);
#349=LINE('',#1844,#441);
#350=LINE('',#1850,#442);
#351=LINE('',#1856,#443);
#352=LINE('',#1863,#444);
#353=LINE('',#1869,#445);
#354=LINE('',#1878,#446);
#355=LINE('',#1885,#447);
#356=LINE('',#1892,#448);
#357=LINE('',#1900,#449);
#358=LINE('',#1902,#450);
#359=LINE('',#1904,#451);
#360=LINE('',#1906,#452);
#361=LINE('',#1908,#453);
#362=LINE('',#1912,#454);
#363=LINE('',#1916,#455);
#364=LINE('',#1919,#456);
#365=LINE('',#1933,#457);
#366=LINE('',#1939,#458);
#367=LINE('',#1946,#459);
#368=LINE('',#1953,#460);
#369=LINE('',#1960,#461);
#370=LINE('',#1965,#462);
#371=LINE('',#1967,#463);
#372=LINE('',#1968,#464);
#373=LINE('',#1971,#465);
#374=LINE('',#1973,#466);
#375=LINE('',#1974,#467);
#376=LINE('',#1976,#468);
#377=LINE('',#1977,#469);
#378=LINE('',#1983,#470);
#379=LINE('',#1987,#471);
#380=LINE('',#1991,#472);
#381=LINE('',#1994,#473);
#382=LINE('',#1997,#474);
#383=LINE('',#1999,#475);
#384=LINE('',#2000,#476);
#385=LINE('',#2003,#477);
#386=LINE('',#2007,#478);
#387=LINE('',#2008,#479);
#388=LINE('',#2011,#480);
#389=LINE('',#2014,#481);
#390=LINE('',#2015,#482);
#391=LINE('',#2019,#483);
#392=LINE('',#2022,#484);
#393=LINE('',#2023,#485);
#394=LINE('',#2027,#486);
#395=LINE('',#2029,#487);
#396=LINE('',#2033,#488);
#397=LINE('',#2040,#489);
#398=LINE('',#2047,#490);
#399=LINE('',#2054,#491);
#400=LINE('',#2061,#492);
#401=LINE('',#2066,#493);
#402=LINE('',#2071,#494);
#403=LINE('',#2076,#495);
#404=LINE('',#2079,#496);
#405=LINE('',#2080,#497);
#406=LINE('',#2083,#498);
#407=LINE('',#2088,#499);
#408=LINE('',#2091,#500);
#409=LINE('',#2093,#501);
#410=LINE('',#2095,#502);
#411=LINE('',#2097,#503);
#412=LINE('',#2100,#504);
#413=LINE('',#2101,#505);
#414=LINE('',#2103,#506);
#415=VECTOR('',#1378,10.);
#416=VECTOR('',#1379,10.);
#417=VECTOR('',#1380,10.);
#418=VECTOR('',#1381,10.);
#419=VECTOR('',#1384,10.);
#420=VECTOR('',#1391,10.);
#421=VECTOR('',#1392,10.);
#422=VECTOR('',#1393,10.);
#423=VECTOR('',#1396,10.);
#424=VECTOR('',#1403,10.);
#425=VECTOR('',#1404,10.);
#426=VECTOR('',#1405,10.);
#427=VECTOR('',#1408,10.);
#428=VECTOR('',#1415,10.);
#429=VECTOR('',#1416,10.);
#430=VECTOR('',#1417,10.);
#431=VECTOR('',#1426,10.);
#432=VECTOR('',#1429,10.);
#433=VECTOR('',#1432,10.);
#434=VECTOR('',#1433,10.);
#435=VECTOR('',#1436,10.);
#436=VECTOR('',#1441,10.);
#437=VECTOR('',#1442,10.);
#438=VECTOR('',#1445,10.);
#439=VECTOR('',#1448,10.);
#440=VECTOR('',#1451,10.);
#441=VECTOR('',#1454,10.);
#442=VECTOR('',#1461,2.5);
#443=VECTOR('',#1468,4.);
#444=VECTOR('',#1477,2.5);
#445=VECTOR('',#1484,4.);
#446=VECTOR('',#1497,1.5);
#447=VECTOR('',#1506,1.5);
#448=VECTOR('',#1515,4.);
#449=VECTOR('',#1524,10.);
#450=VECTOR('',#1525,10.);
#451=VECTOR('',#1526,10.);
#452=VECTOR('',#1527,10.);
#453=VECTOR('',#1528,10.);
#454=VECTOR('',#1531,10.);
#455=VECTOR('',#1534,10.);
#456=VECTOR('',#1537,10.);
#457=VECTOR('',#1552,4.);
#458=VECTOR('',#1559,4.99999999999999);
#459=VECTOR('',#1568,5.);
#460=VECTOR('',#1577,5.);
#461=VECTOR('',#1586,5.);
#462=VECTOR('',#1593,10.);
#463=VECTOR('',#1594,10.);
#464=VECTOR('',#1595,10.);
#465=VECTOR('',#1598,10.);
#466=VECTOR('',#1599,10.);
#467=VECTOR('',#1600,10.);
#468=VECTOR('',#1603,10.);
#469=VECTOR('',#1604,10.);
#470=VECTOR('',#1609,10.);
#471=VECTOR('',#1612,10.);
#472=VECTOR('',#1615,10.);
#473=VECTOR('',#1618,10.);
#474=VECTOR('',#1621,10.);
#475=VECTOR('',#1622,10.);
#476=VECTOR('',#1623,10.);
#477=VECTOR('',#1626,10.);
#478=VECTOR('',#1631,10.);
#479=VECTOR('',#1632,10.);
#480=VECTOR('',#1635,10.);
#481=VECTOR('',#1640,10.);
#482=VECTOR('',#1641,10.);
#483=VECTOR('',#1646,10.);
#484=VECTOR('',#1649,10.);
#485=VECTOR('',#1650,10.);
#486=VECTOR('',#1655,10.);
#487=VECTOR('',#1658,10.);
#488=VECTOR('',#1663,1.99999999999999);
#489=VECTOR('',#1672,2.00000001490116);
#490=VECTOR('',#1681,1.99999999999999);
#491=VECTOR('',#1690,2.);
#492=VECTOR('',#1699,0.999999999999996);
#493=VECTOR('',#1706,1.);
#494=VECTOR('',#1713,1.00000001490116);
#495=VECTOR('',#1720,0.999999999999996);
#496=VECTOR('',#1725,10.);
#497=VECTOR('',#1726,10.);
#498=VECTOR('',#1731,10.);
#499=VECTOR('',#1736,10.);
#500=VECTOR('',#1739,10.);
#501=VECTOR('',#1742,10.);
#502=VECTOR('',#1745,10.);
#503=VECTOR('',#1748,10.);
#504=VECTOR('',#1753,10.);
#505=VECTOR('',#1754,10.);
#506=VECTOR('',#1757,10.);
#507=VERTEX_POINT('',#1764);
#508=VERTEX_POINT('',#1765);
#509=VERTEX_POINT('',#1767);
#510=VERTEX_POINT('',#1769);
#511=VERTEX_POINT('',#1773);
#512=VERTEX_POINT('',#1774);
#513=VERTEX_POINT('',#1779);
#514=VERTEX_POINT('',#1780);
#515=VERTEX_POINT('',#1785);
#516=VERTEX_POINT('',#1786);
#517=VERTEX_POINT('',#1791);
#518=VERTEX_POINT('',#1792);
#519=VERTEX_POINT('',#1797);
#520=VERTEX_POINT('',#1798);
#521=VERTEX_POINT('',#1803);
#522=VERTEX_POINT('',#1804);
#523=VERTEX_POINT('',#1812);
#524=VERTEX_POINT('',#1814);
#525=VERTEX_POINT('',#1818);
#526=VERTEX_POINT('',#1822);
#527=VERTEX_POINT('',#1826);
#528=VERTEX_POINT('',#1830);
#529=VERTEX_POINT('',#1831);
#530=VERTEX_POINT('',#1833);
#531=VERTEX_POINT('',#1835);
#532=VERTEX_POINT('',#1837);
#533=VERTEX_POINT('',#1839);
#534=VERTEX_POINT('',#1841);
#535=VERTEX_POINT('',#1843);
#536=VERTEX_POINT('',#1847);
#537=VERTEX_POINT('',#1849);
#538=VERTEX_POINT('',#1853);
#539=VERTEX_POINT('',#1855);
#540=VERTEX_POINT('',#1860);
#541=VERTEX_POINT('',#1862);
#542=VERTEX_POINT('',#1866);
#543=VERTEX_POINT('',#1868);
#544=VERTEX_POINT('',#1875);
#545=VERTEX_POINT('',#1877);
#546=VERTEX_POINT('',#1882);
#547=VERTEX_POINT('',#1884);
#548=VERTEX_POINT('',#1889);
#549=VERTEX_POINT('',#1891);
#550=VERTEX_POINT('',#1896);
#551=VERTEX_POINT('',#1897);
#552=VERTEX_POINT('',#1899);
#553=VERTEX_POINT('',#1901);
#554=VERTEX_POINT('',#1903);
#555=VERTEX_POINT('',#1905);
#556=VERTEX_POINT('',#1907);
#557=VERTEX_POINT('',#1909);
#558=VERTEX_POINT('',#1911);
#559=VERTEX_POINT('',#1913);
#560=VERTEX_POINT('',#1915);
#561=VERTEX_POINT('',#1917);
#562=VERTEX_POINT('',#1920);
#563=VERTEX_POINT('',#1922);
#564=VERTEX_POINT('',#1924);
#565=VERTEX_POINT('',#1926);
#566=VERTEX_POINT('',#1928);
#567=VERTEX_POINT('',#1931);
#568=VERTEX_POINT('',#1936);
#569=VERTEX_POINT('',#1938);
#570=VERTEX_POINT('',#1943);
#571=VERTEX_POINT('',#1945);
#572=VERTEX_POINT('',#1950);
#573=VERTEX_POINT('',#1952);
#574=VERTEX_POINT('',#1957);
#575=VERTEX_POINT('',#1959);
#576=VERTEX_POINT('',#1964);
#577=VERTEX_POINT('',#1966);
#578=VERTEX_POINT('',#1970);
#579=VERTEX_POINT('',#1972);
#580=VERTEX_POINT('',#1979);
#581=VERTEX_POINT('',#1980);
#582=VERTEX_POINT('',#1982);
#583=VERTEX_POINT('',#1984);
#584=VERTEX_POINT('',#1986);
#585=VERTEX_POINT('',#1988);
#586=VERTEX_POINT('',#1990);
#587=VERTEX_POINT('',#1992);
#588=VERTEX_POINT('',#1996);
#589=VERTEX_POINT('',#1998);
#590=VERTEX_POINT('',#2002);
#591=VERTEX_POINT('',#2006);
#592=VERTEX_POINT('',#2010);
#593=VERTEX_POINT('',#2017);
#594=VERTEX_POINT('',#2021);
#595=VERTEX_POINT('',#2025);
#596=VERTEX_POINT('',#2031);
#597=VERTEX_POINT('',#2035);
#598=VERTEX_POINT('',#2038);
#599=VERTEX_POINT('',#2042);
#600=VERTEX_POINT('',#2045);
#601=VERTEX_POINT('',#2049);
#602=VERTEX_POINT('',#2052);
#603=VERTEX_POINT('',#2056);
#604=VERTEX_POINT('',#2059);
#605=VERTEX_POINT('',#2064);
#606=VERTEX_POINT('',#2069);
#607=VERTEX_POINT('',#2074);
#608=VERTEX_POINT('',#2085);
#609=VERTEX_POINT('',#2087);
#610=VERTEX_POINT('',#2089);
#611=EDGE_CURVE('',#507,#508,#323,.T.);
#612=EDGE_CURVE('',#508,#509,#324,.T.);
#613=EDGE_CURVE('',#509,#510,#325,.T.);
#614=EDGE_CURVE('',#510,#507,#326,.T.);
#615=EDGE_CURVE('',#511,#512,#327,.T.);
#616=EDGE_CURVE('',#512,#508,#70,.T.);
#617=EDGE_CURVE('',#507,#511,#71,.T.);
#618=EDGE_CURVE('',#513,#514,#328,.T.);
#619=EDGE_CURVE('',#514,#512,#329,.T.);
#620=EDGE_CURVE('',#511,#513,#330,.T.);
#621=EDGE_CURVE('',#515,#516,#331,.T.);
#622=EDGE_CURVE('',#516,#514,#72,.T.);
#623=EDGE_CURVE('',#513,#515,#73,.T.);
#624=EDGE_CURVE('',#517,#518,#332,.T.);
#625=EDGE_CURVE('',#518,#516,#333,.T.);
#626=EDGE_CURVE('',#515,#517,#334,.T.);
#627=EDGE_CURVE('',#519,#520,#335,.T.);
#628=EDGE_CURVE('',#520,#518,#74,.T.);
#629=EDGE_CURVE('',#517,#519,#75,.T.);
#630=EDGE_CURVE('',#521,#522,#336,.T.);
#631=EDGE_CURVE('',#522,#520,#337,.T.);
#632=EDGE_CURVE('',#519,#521,#338,.T.);
#633=EDGE_CURVE('',#509,#522,#76,.T.);
#634=EDGE_CURVE('',#521,#510,#77,.T.);
#635=EDGE_CURVE('',#523,#513,#339,.T.);
#636=EDGE_CURVE('',#524,#523,#78,.T.);
#637=EDGE_CURVE('',#524,#515,#340,.T.);
#638=EDGE_CURVE('',#525,#511,#341,.T.);
#639=EDGE_CURVE('',#523,#525,#342,.T.);
#640=EDGE_CURVE('',#526,#507,#343,.T.);
#641=EDGE_CURVE('',#525,#526,#79,.T.);
#642=EDGE_CURVE('',#527,#510,#344,.T.);
#643=EDGE_CURVE('',#526,#527,#345,.T.);
#644=EDGE_CURVE('',#528,#529,#346,.T.);
#645=EDGE_CURVE('',#529,#530,#80,.T.);
#646=EDGE_CURVE('',#530,#531,#347,.T.);
#647=EDGE_CURVE('',#531,#532,#81,.T.);
#648=EDGE_CURVE('',#532,#533,#348,.T.);
#649=EDGE_CURVE('',#533,#534,#82,.T.);
#650=EDGE_CURVE('',#534,#535,#349,.T.);
#651=EDGE_CURVE('',#535,#528,#83,.T.);
#652=EDGE_CURVE('',#536,#536,#84,.T.);
#653=EDGE_CURVE('',#536,#537,#350,.T.);
#654=EDGE_CURVE('',#537,#537,#85,.T.);
#655=EDGE_CURVE('',#538,#538,#86,.T.);
#656=EDGE_CURVE('',#538,#539,#351,.T.);
#657=EDGE_CURVE('',#539,#539,#87,.T.);
#658=EDGE_CURVE('',#540,#540,#88,.T.);
#659=EDGE_CURVE('',#540,#541,#352,.T.);
#660=EDGE_CURVE('',#541,#541,#89,.T.);
#661=EDGE_CURVE('',#542,#542,#90,.T.);
#662=EDGE_CURVE('',#542,#543,#353,.T.);
#663=EDGE_CURVE('',#543,#543,#91,.T.);
#664=EDGE_CURVE('',#544,#544,#92,.T.);
#665=EDGE_CURVE('',#544,#545,#354,.T.);
#666=EDGE_CURVE('',#545,#545,#93,.T.);
#667=EDGE_CURVE('',#546,#546,#94,.T.);
#668=EDGE_CURVE('',#546,#547,#355,.T.);
#669=EDGE_CURVE('',#547,#547,#95,.T.);
#670=EDGE_CURVE('',#548,#548,#96,.T.);
#671=EDGE_CURVE('',#548,#549,#356,.T.);
#672=EDGE_CURVE('',#549,#549,#97,.T.);
#673=EDGE_CURVE('',#550,#551,#98,.T.);
#674=EDGE_CURVE('',#552,#550,#357,.T.);
#675=EDGE_CURVE('',#552,#553,#358,.T.);
#676=EDGE_CURVE('',#553,#554,#359,.T.);
#677=EDGE_CURVE('',#555,#554,#360,.T.);
#678=EDGE_CURVE('',#556,#555,#361,.T.);
#679=EDGE_CURVE('',#557,#556,#99,.T.);
#680=EDGE_CURVE('',#558,#557,#362,.T.);
#681=EDGE_CURVE('',#559,#558,#100,.T.);
#682=EDGE_CURVE('',#560,#559,#363,.T.);
#683=EDGE_CURVE('',#561,#560,#101,.T.);
#684=EDGE_CURVE('',#551,#561,#364,.T.);
#685=EDGE_CURVE('',#562,#562,#102,.T.);
#686=EDGE_CURVE('',#563,#563,#103,.T.);
#687=EDGE_CURVE('',#564,#564,#104,.T.);
#688=EDGE_CURVE('',#565,#565,#105,.T.);
#689=EDGE_CURVE('',#566,#566,#106,.T.);
#690=EDGE_CURVE('',#567,#567,#107,.T.);
#691=EDGE_CURVE('',#567,#562,#365,.T.);
#692=EDGE_CURVE('',#568,#568,#108,.T.);
#693=EDGE_CURVE('',#568,#569,#366,.T.);
#694=EDGE_CURVE('',#569,#569,#109,.T.);
#695=EDGE_CURVE('',#570,#570,#110,.T.);
#696=EDGE_CURVE('',#570,#571,#367,.T.);
#697=EDGE_CURVE('',#571,#571,#111,.T.);
#698=EDGE_CURVE('',#572,#572,#112,.T.);
#699=EDGE_CURVE('',#572,#573,#368,.T.);
#700=EDGE_CURVE('',#573,#573,#113,.T.);
#701=EDGE_CURVE('',#574,#574,#114,.T.);
#702=EDGE_CURVE('',#574,#575,#369,.T.);
#703=EDGE_CURVE('',#575,#575,#115,.T.);
#704=EDGE_CURVE('',#576,#552,#370,.T.);
#705=EDGE_CURVE('',#576,#577,#371,.T.);
#706=EDGE_CURVE('',#577,#553,#372,.T.);
#707=EDGE_CURVE('',#578,#576,#373,.T.);
#708=EDGE_CURVE('',#578,#579,#374,.T.);
#709=EDGE_CURVE('',#579,#577,#375,.T.);
#710=EDGE_CURVE('',#555,#578,#376,.T.);
#711=EDGE_CURVE('',#554,#579,#377,.T.);
#712=EDGE_CURVE('',#580,#581,#116,.T.);
#713=EDGE_CURVE('',#582,#580,#378,.T.);
#714=EDGE_CURVE('',#583,#582,#117,.T.);
#715=EDGE_CURVE('',#584,#583,#379,.T.);
#716=EDGE_CURVE('',#585,#584,#118,.T.);
#717=EDGE_CURVE('',#586,#585,#380,.T.);
#718=EDGE_CURVE('',#587,#586,#119,.T.);
#719=EDGE_CURVE('',#581,#587,#381,.T.);
#720=EDGE_CURVE('',#588,#583,#382,.T.);
#721=EDGE_CURVE('',#589,#588,#383,.T.);
#722=EDGE_CURVE('',#589,#584,#384,.T.);
#723=EDGE_CURVE('',#590,#582,#385,.T.);
#724=EDGE_CURVE('',#588,#590,#120,.T.);
#725=EDGE_CURVE('',#591,#580,#386,.T.);
#726=EDGE_CURVE('',#590,#591,#387,.T.);
#727=EDGE_CURVE('',#592,#581,#388,.T.);
#728=EDGE_CURVE('',#591,#592,#121,.T.);
#729=EDGE_CURVE('',#550,#535,#389,.T.);
#730=EDGE_CURVE('',#556,#534,#390,.T.);
#731=EDGE_CURVE('',#593,#589,#122,.T.);
#732=EDGE_CURVE('',#593,#585,#391,.T.);
#733=EDGE_CURVE('',#594,#593,#392,.T.);
#734=EDGE_CURVE('',#594,#586,#393,.T.);
#735=EDGE_CURVE('',#595,#594,#123,.T.);
#736=EDGE_CURVE('',#595,#587,#394,.T.);
#737=EDGE_CURVE('',#592,#595,#395,.T.);
#738=EDGE_CURVE('',#596,#596,#124,.T.);
#739=EDGE_CURVE('',#596,#563,#396,.T.);
#740=EDGE_CURVE('',#597,#597,#125,.T.);
#741=EDGE_CURVE('',#598,#598,#126,.T.);
#742=EDGE_CURVE('',#598,#564,#397,.T.);
#743=EDGE_CURVE('',#599,#599,#127,.T.);
#744=EDGE_CURVE('',#600,#600,#128,.T.);
#745=EDGE_CURVE('',#600,#565,#398,.T.);
#746=EDGE_CURVE('',#601,#601,#129,.T.);
#747=EDGE_CURVE('',#602,#602,#130,.T.);
#748=EDGE_CURVE('',#602,#566,#399,.T.);
#749=EDGE_CURVE('',#603,#603,#131,.T.);
#750=EDGE_CURVE('',#604,#604,#132,.T.);
#751=EDGE_CURVE('',#604,#601,#400,.T.);
#752=EDGE_CURVE('',#605,#605,#133,.T.);
#753=EDGE_CURVE('',#605,#603,#401,.T.);
#754=EDGE_CURVE('',#606,#606,#134,.T.);
#755=EDGE_CURVE('',#606,#599,#402,.T.);
#756=EDGE_CURVE('',#607,#607,#135,.T.);
#757=EDGE_CURVE('',#607,#597,#403,.T.);
#758=EDGE_CURVE('',#557,#533,#404,.T.);
#759=EDGE_CURVE('',#558,#532,#405,.T.);
#760=EDGE_CURVE('',#528,#551,#406,.T.);
#761=EDGE_CURVE('',#527,#608,#136,.T.);
#762=EDGE_CURVE('',#608,#609,#407,.T.);
#763=EDGE_CURVE('',#609,#610,#137,.T.);
#764=EDGE_CURVE('',#610,#524,#408,.T.);
#765=EDGE_CURVE('',#559,#531,#409,.T.);
#766=EDGE_CURVE('',#560,#530,#410,.T.);
#767=EDGE_CURVE('',#561,#529,#411,.T.);
#768=EDGE_CURVE('',#609,#519,#412,.T.);
#769=EDGE_CURVE('',#521,#608,#413,.T.);
#770=EDGE_CURVE('',#610,#517,#414,.T.);
#771=ORIENTED_EDGE('',*,*,#611,.T.);
#772=ORIENTED_EDGE('',*,*,#612,.T.);
#773=ORIENTED_EDGE('',*,*,#613,.T.);
#774=ORIENTED_EDGE('',*,*,#614,.T.);
#775=ORIENTED_EDGE('',*,*,#615,.T.);
#776=ORIENTED_EDGE('',*,*,#616,.T.);
#777=ORIENTED_EDGE('',*,*,#611,.F.);
#778=ORIENTED_EDGE('',*,*,#617,.T.);
#779=ORIENTED_EDGE('',*,*,#618,.T.);
#780=ORIENTED_EDGE('',*,*,#619,.T.);
#781=ORIENTED_EDGE('',*,*,#615,.F.);
#782=ORIENTED_EDGE('',*,*,#620,.T.);
#783=ORIENTED_EDGE('',*,*,#621,.T.);
#784=ORIENTED_EDGE('',*,*,#622,.T.);
#785=ORIENTED_EDGE('',*,*,#618,.F.);
#786=ORIENTED_EDGE('',*,*,#623,.T.);
#787=ORIENTED_EDGE('',*,*,#624,.T.);
#788=ORIENTED_EDGE('',*,*,#625,.T.);
#789=ORIENTED_EDGE('',*,*,#621,.F.);
#790=ORIENTED_EDGE('',*,*,#626,.T.);
#791=ORIENTED_EDGE('',*,*,#627,.T.);
#792=ORIENTED_EDGE('',*,*,#628,.T.);
#793=ORIENTED_EDGE('',*,*,#624,.F.);
#794=ORIENTED_EDGE('',*,*,#629,.T.);
#795=ORIENTED_EDGE('',*,*,#630,.T.);
#796=ORIENTED_EDGE('',*,*,#631,.T.);
#797=ORIENTED_EDGE('',*,*,#627,.F.);
#798=ORIENTED_EDGE('',*,*,#632,.T.);
#799=ORIENTED_EDGE('',*,*,#613,.F.);
#800=ORIENTED_EDGE('',*,*,#633,.T.);
#801=ORIENTED_EDGE('',*,*,#630,.F.);
#802=ORIENTED_EDGE('',*,*,#634,.T.);
#803=ORIENTED_EDGE('',*,*,#623,.F.);
#804=ORIENTED_EDGE('',*,*,#635,.F.);
#805=ORIENTED_EDGE('',*,*,#636,.F.);
#806=ORIENTED_EDGE('',*,*,#637,.T.);
#807=ORIENTED_EDGE('',*,*,#620,.F.);
#808=ORIENTED_EDGE('',*,*,#638,.F.);
#809=ORIENTED_EDGE('',*,*,#639,.F.);
#810=ORIENTED_EDGE('',*,*,#635,.T.);
#811=ORIENTED_EDGE('',*,*,#617,.F.);
#812=ORIENTED_EDGE('',*,*,#640,.F.);
#813=ORIENTED_EDGE('',*,*,#641,.F.);
#814=ORIENTED_EDGE('',*,*,#638,.T.);
#815=ORIENTED_EDGE('',*,*,#614,.F.);
#816=ORIENTED_EDGE('',*,*,#642,.F.);
#817=ORIENTED_EDGE('',*,*,#643,.F.);
#818=ORIENTED_EDGE('',*,*,#640,.T.);
#819=ORIENTED_EDGE('',*,*,#612,.F.);
#820=ORIENTED_EDGE('',*,*,#616,.F.);
#821=ORIENTED_EDGE('',*,*,#619,.F.);
#822=ORIENTED_EDGE('',*,*,#622,.F.);
#823=ORIENTED_EDGE('',*,*,#625,.F.);
#824=ORIENTED_EDGE('',*,*,#628,.F.);
#825=ORIENTED_EDGE('',*,*,#631,.F.);
#826=ORIENTED_EDGE('',*,*,#633,.F.);
#827=ORIENTED_EDGE('',*,*,#644,.T.);
#828=ORIENTED_EDGE('',*,*,#645,.T.);
#829=ORIENTED_EDGE('',*,*,#646,.T.);
#830=ORIENTED_EDGE('',*,*,#647,.T.);
#831=ORIENTED_EDGE('',*,*,#648,.T.);
#832=ORIENTED_EDGE('',*,*,#649,.T.);
#833=ORIENTED_EDGE('',*,*,#650,.T.);
#834=ORIENTED_EDGE('',*,*,#651,.T.);
#835=ORIENTED_EDGE('',*,*,#652,.F.);
#836=ORIENTED_EDGE('',*,*,#653,.T.);
#837=ORIENTED_EDGE('',*,*,#654,.F.);
#838=ORIENTED_EDGE('',*,*,#653,.F.);
#839=ORIENTED_EDGE('',*,*,#655,.F.);
#840=ORIENTED_EDGE('',*,*,#656,.T.);
#841=ORIENTED_EDGE('',*,*,#657,.F.);
#842=ORIENTED_EDGE('',*,*,#656,.F.);
#843=ORIENTED_EDGE('',*,*,#655,.T.);
#844=ORIENTED_EDGE('',*,*,#652,.T.);
#845=ORIENTED_EDGE('',*,*,#658,.F.);
#846=ORIENTED_EDGE('',*,*,#659,.T.);
#847=ORIENTED_EDGE('',*,*,#660,.F.);
#848=ORIENTED_EDGE('',*,*,#659,.F.);
#849=ORIENTED_EDGE('',*,*,#661,.F.);
#850=ORIENTED_EDGE('',*,*,#662,.T.);
#851=ORIENTED_EDGE('',*,*,#663,.F.);
#852=ORIENTED_EDGE('',*,*,#662,.F.);
#853=ORIENTED_EDGE('',*,*,#661,.T.);
#854=ORIENTED_EDGE('',*,*,#658,.T.);
#855=ORIENTED_EDGE('',*,*,#654,.T.);
#856=ORIENTED_EDGE('',*,*,#660,.T.);
#857=ORIENTED_EDGE('',*,*,#664,.F.);
#858=ORIENTED_EDGE('',*,*,#665,.T.);
#859=ORIENTED_EDGE('',*,*,#666,.F.);
#860=ORIENTED_EDGE('',*,*,#665,.F.);
#861=ORIENTED_EDGE('',*,*,#664,.T.);
#862=ORIENTED_EDGE('',*,*,#667,.F.);
#863=ORIENTED_EDGE('',*,*,#668,.T.);
#864=ORIENTED_EDGE('',*,*,#669,.F.);
#865=ORIENTED_EDGE('',*,*,#668,.F.);
#866=ORIENTED_EDGE('',*,*,#667,.T.);
#867=ORIENTED_EDGE('',*,*,#670,.F.);
#868=ORIENTED_EDGE('',*,*,#671,.T.);
#869=ORIENTED_EDGE('',*,*,#672,.F.);
#870=ORIENTED_EDGE('',*,*,#671,.F.);
#871=ORIENTED_EDGE('',*,*,#670,.T.);
#872=ORIENTED_EDGE('',*,*,#666,.T.);
#873=ORIENTED_EDGE('',*,*,#673,.F.);
#874=ORIENTED_EDGE('',*,*,#674,.F.);
#875=ORIENTED_EDGE('',*,*,#675,.T.);
#876=ORIENTED_EDGE('',*,*,#676,.T.);
#877=ORIENTED_EDGE('',*,*,#677,.F.);
#878=ORIENTED_EDGE('',*,*,#678,.F.);
#879=ORIENTED_EDGE('',*,*,#679,.F.);
#880=ORIENTED_EDGE('',*,*,#680,.F.);
#881=ORIENTED_EDGE('',*,*,#681,.F.);
#882=ORIENTED_EDGE('',*,*,#682,.F.);
#883=ORIENTED_EDGE('',*,*,#683,.F.);
#884=ORIENTED_EDGE('',*,*,#684,.F.);
#885=ORIENTED_EDGE('',*,*,#657,.T.);
#886=ORIENTED_EDGE('',*,*,#663,.T.);
#887=ORIENTED_EDGE('',*,*,#685,.T.);
#888=ORIENTED_EDGE('',*,*,#686,.T.);
#889=ORIENTED_EDGE('',*,*,#687,.T.);
#890=ORIENTED_EDGE('',*,*,#688,.T.);
#891=ORIENTED_EDGE('',*,*,#689,.T.);
#892=ORIENTED_EDGE('',*,*,#672,.T.);
#893=ORIENTED_EDGE('',*,*,#690,.F.);
#894=ORIENTED_EDGE('',*,*,#691,.T.);
#895=ORIENTED_EDGE('',*,*,#685,.F.);
#896=ORIENTED_EDGE('',*,*,#691,.F.);
#897=ORIENTED_EDGE('',*,*,#690,.T.);
#898=ORIENTED_EDGE('',*,*,#669,.T.);
#899=ORIENTED_EDGE('',*,*,#692,.F.);
#900=ORIENTED_EDGE('',*,*,#693,.T.);
#901=ORIENTED_EDGE('',*,*,#694,.T.);
#902=ORIENTED_EDGE('',*,*,#693,.F.);
#903=ORIENTED_EDGE('',*,*,#694,.F.);
#904=ORIENTED_EDGE('',*,*,#695,.F.);
#905=ORIENTED_EDGE('',*,*,#696,.T.);
#906=ORIENTED_EDGE('',*,*,#697,.T.);
#907=ORIENTED_EDGE('',*,*,#696,.F.);
#908=ORIENTED_EDGE('',*,*,#697,.F.);
#909=ORIENTED_EDGE('',*,*,#698,.F.);
#910=ORIENTED_EDGE('',*,*,#699,.T.);
#911=ORIENTED_EDGE('',*,*,#700,.T.);
#912=ORIENTED_EDGE('',*,*,#699,.F.);
#913=ORIENTED_EDGE('',*,*,#700,.F.);
#914=ORIENTED_EDGE('',*,*,#701,.F.);
#915=ORIENTED_EDGE('',*,*,#702,.T.);
#916=ORIENTED_EDGE('',*,*,#703,.T.);
#917=ORIENTED_EDGE('',*,*,#702,.F.);
#918=ORIENTED_EDGE('',*,*,#703,.F.);
#919=ORIENTED_EDGE('',*,*,#704,.F.);
#920=ORIENTED_EDGE('',*,*,#705,.T.);
#921=ORIENTED_EDGE('',*,*,#706,.T.);
#922=ORIENTED_EDGE('',*,*,#675,.F.);
#923=ORIENTED_EDGE('',*,*,#707,.F.);
#924=ORIENTED_EDGE('',*,*,#708,.T.);
#925=ORIENTED_EDGE('',*,*,#709,.T.);
#926=ORIENTED_EDGE('',*,*,#705,.F.);
#927=ORIENTED_EDGE('',*,*,#710,.F.);
#928=ORIENTED_EDGE('',*,*,#677,.T.);
#929=ORIENTED_EDGE('',*,*,#711,.T.);
#930=ORIENTED_EDGE('',*,*,#708,.F.);
#931=ORIENTED_EDGE('',*,*,#711,.F.);
#932=ORIENTED_EDGE('',*,*,#676,.F.);
#933=ORIENTED_EDGE('',*,*,#706,.F.);
#934=ORIENTED_EDGE('',*,*,#709,.F.);
#935=ORIENTED_EDGE('',*,*,#712,.F.);
#936=ORIENTED_EDGE('',*,*,#713,.F.);
#937=ORIENTED_EDGE('',*,*,#714,.F.);
#938=ORIENTED_EDGE('',*,*,#715,.F.);
#939=ORIENTED_EDGE('',*,*,#716,.F.);
#940=ORIENTED_EDGE('',*,*,#717,.F.);
#941=ORIENTED_EDGE('',*,*,#718,.F.);
#942=ORIENTED_EDGE('',*,*,#719,.F.);
#943=ORIENTED_EDGE('',*,*,#715,.T.);
#944=ORIENTED_EDGE('',*,*,#720,.F.);
#945=ORIENTED_EDGE('',*,*,#721,.F.);
#946=ORIENTED_EDGE('',*,*,#722,.T.);
#947=ORIENTED_EDGE('',*,*,#714,.T.);
#948=ORIENTED_EDGE('',*,*,#723,.F.);
#949=ORIENTED_EDGE('',*,*,#724,.F.);
#950=ORIENTED_EDGE('',*,*,#720,.T.);
#951=ORIENTED_EDGE('',*,*,#713,.T.);
#952=ORIENTED_EDGE('',*,*,#725,.F.);
#953=ORIENTED_EDGE('',*,*,#726,.F.);
#954=ORIENTED_EDGE('',*,*,#723,.T.);
#955=ORIENTED_EDGE('',*,*,#712,.T.);
#956=ORIENTED_EDGE('',*,*,#727,.F.);
#957=ORIENTED_EDGE('',*,*,#728,.F.);
#958=ORIENTED_EDGE('',*,*,#725,.T.);
#959=ORIENTED_EDGE('',*,*,#710,.T.);
#960=ORIENTED_EDGE('',*,*,#707,.T.);
#961=ORIENTED_EDGE('',*,*,#704,.T.);
#962=ORIENTED_EDGE('',*,*,#674,.T.);
#963=ORIENTED_EDGE('',*,*,#729,.T.);
#964=ORIENTED_EDGE('',*,*,#650,.F.);
#965=ORIENTED_EDGE('',*,*,#730,.F.);
#966=ORIENTED_EDGE('',*,*,#678,.T.);
#967=ORIENTED_EDGE('',*,*,#716,.T.);
#968=ORIENTED_EDGE('',*,*,#722,.F.);
#969=ORIENTED_EDGE('',*,*,#731,.F.);
#970=ORIENTED_EDGE('',*,*,#732,.T.);
#971=ORIENTED_EDGE('',*,*,#717,.T.);
#972=ORIENTED_EDGE('',*,*,#732,.F.);
#973=ORIENTED_EDGE('',*,*,#733,.F.);
#974=ORIENTED_EDGE('',*,*,#734,.T.);
#975=ORIENTED_EDGE('',*,*,#718,.T.);
#976=ORIENTED_EDGE('',*,*,#734,.F.);
#977=ORIENTED_EDGE('',*,*,#735,.F.);
#978=ORIENTED_EDGE('',*,*,#736,.T.);
#979=ORIENTED_EDGE('',*,*,#719,.T.);
#980=ORIENTED_EDGE('',*,*,#736,.F.);
#981=ORIENTED_EDGE('',*,*,#737,.F.);
#982=ORIENTED_EDGE('',*,*,#727,.T.);
#983=ORIENTED_EDGE('',*,*,#738,.F.);
#984=ORIENTED_EDGE('',*,*,#739,.T.);
#985=ORIENTED_EDGE('',*,*,#686,.F.);
#986=ORIENTED_EDGE('',*,*,#739,.F.);
#987=ORIENTED_EDGE('',*,*,#738,.T.);
#988=ORIENTED_EDGE('',*,*,#740,.F.);
#989=ORIENTED_EDGE('',*,*,#741,.F.);
#990=ORIENTED_EDGE('',*,*,#742,.T.);
#991=ORIENTED_EDGE('',*,*,#687,.F.);
#992=ORIENTED_EDGE('',*,*,#742,.F.);
#993=ORIENTED_EDGE('',*,*,#741,.T.);
#994=ORIENTED_EDGE('',*,*,#743,.F.);
#995=ORIENTED_EDGE('',*,*,#744,.F.);
#996=ORIENTED_EDGE('',*,*,#745,.T.);
#997=ORIENTED_EDGE('',*,*,#688,.F.);
#998=ORIENTED_EDGE('',*,*,#745,.F.);
#999=ORIENTED_EDGE('',*,*,#744,.T.);
#1000=ORIENTED_EDGE('',*,*,#746,.F.);
#1001=ORIENTED_EDGE('',*,*,#747,.F.);
#1002=ORIENTED_EDGE('',*,*,#748,.T.);
#1003=ORIENTED_EDGE('',*,*,#689,.F.);
#1004=ORIENTED_EDGE('',*,*,#748,.F.);
#1005=ORIENTED_EDGE('',*,*,#747,.T.);
#1006=ORIENTED_EDGE('',*,*,#749,.F.);
#1007=ORIENTED_EDGE('',*,*,#750,.F.);
#1008=ORIENTED_EDGE('',*,*,#751,.T.);
#1009=ORIENTED_EDGE('',*,*,#746,.T.);
#1010=ORIENTED_EDGE('',*,*,#751,.F.);
#1011=ORIENTED_EDGE('',*,*,#750,.T.);
#1012=ORIENTED_EDGE('',*,*,#752,.F.);
#1013=ORIENTED_EDGE('',*,*,#753,.T.);
#1014=ORIENTED_EDGE('',*,*,#749,.T.);
#1015=ORIENTED_EDGE('',*,*,#753,.F.);
#1016=ORIENTED_EDGE('',*,*,#752,.T.);
#1017=ORIENTED_EDGE('',*,*,#754,.F.);
#1018=ORIENTED_EDGE('',*,*,#755,.T.);
#1019=ORIENTED_EDGE('',*,*,#743,.T.);
#1020=ORIENTED_EDGE('',*,*,#755,.F.);
#1021=ORIENTED_EDGE('',*,*,#754,.T.);
#1022=ORIENTED_EDGE('',*,*,#756,.F.);
#1023=ORIENTED_EDGE('',*,*,#757,.T.);
#1024=ORIENTED_EDGE('',*,*,#740,.T.);
#1025=ORIENTED_EDGE('',*,*,#757,.F.);
#1026=ORIENTED_EDGE('',*,*,#756,.T.);
#1027=ORIENTED_EDGE('',*,*,#680,.T.);
#1028=ORIENTED_EDGE('',*,*,#758,.T.);
#1029=ORIENTED_EDGE('',*,*,#648,.F.);
#1030=ORIENTED_EDGE('',*,*,#759,.F.);
#1031=ORIENTED_EDGE('',*,*,#679,.T.);
#1032=ORIENTED_EDGE('',*,*,#730,.T.);
#1033=ORIENTED_EDGE('',*,*,#649,.F.);
#1034=ORIENTED_EDGE('',*,*,#758,.F.);
#1035=ORIENTED_EDGE('',*,*,#673,.T.);
#1036=ORIENTED_EDGE('',*,*,#760,.F.);
#1037=ORIENTED_EDGE('',*,*,#651,.F.);
#1038=ORIENTED_EDGE('',*,*,#729,.F.);
#1039=ORIENTED_EDGE('',*,*,#761,.T.);
#1040=ORIENTED_EDGE('',*,*,#762,.T.);
#1041=ORIENTED_EDGE('',*,*,#763,.T.);
#1042=ORIENTED_EDGE('',*,*,#764,.T.);
#1043=ORIENTED_EDGE('',*,*,#636,.T.);
#1044=ORIENTED_EDGE('',*,*,#639,.T.);
#1045=ORIENTED_EDGE('',*,*,#641,.T.);
#1046=ORIENTED_EDGE('',*,*,#643,.T.);
#1047=ORIENTED_EDGE('',*,*,#692,.T.);
#1048=ORIENTED_EDGE('',*,*,#695,.T.);
#1049=ORIENTED_EDGE('',*,*,#698,.T.);
#1050=ORIENTED_EDGE('',*,*,#701,.T.);
#1051=ORIENTED_EDGE('',*,*,#681,.T.);
#1052=ORIENTED_EDGE('',*,*,#759,.T.);
#1053=ORIENTED_EDGE('',*,*,#647,.F.);
#1054=ORIENTED_EDGE('',*,*,#765,.F.);
#1055=ORIENTED_EDGE('',*,*,#682,.T.);
#1056=ORIENTED_EDGE('',*,*,#765,.T.);
#1057=ORIENTED_EDGE('',*,*,#646,.F.);
#1058=ORIENTED_EDGE('',*,*,#766,.F.);
#1059=ORIENTED_EDGE('',*,*,#683,.T.);
#1060=ORIENTED_EDGE('',*,*,#766,.T.);
#1061=ORIENTED_EDGE('',*,*,#645,.F.);
#1062=ORIENTED_EDGE('',*,*,#767,.F.);
#1063=ORIENTED_EDGE('',*,*,#684,.T.);
#1064=ORIENTED_EDGE('',*,*,#767,.T.);
#1065=ORIENTED_EDGE('',*,*,#644,.F.);
#1066=ORIENTED_EDGE('',*,*,#760,.T.);
#1067=ORIENTED_EDGE('',*,*,#632,.F.);
#1068=ORIENTED_EDGE('',*,*,#768,.F.);
#1069=ORIENTED_EDGE('',*,*,#762,.F.);
#1070=ORIENTED_EDGE('',*,*,#769,.F.);
#1071=ORIENTED_EDGE('',*,*,#737,.T.);
#1072=ORIENTED_EDGE('',*,*,#735,.T.);
#1073=ORIENTED_EDGE('',*,*,#733,.T.);
#1074=ORIENTED_EDGE('',*,*,#731,.T.);
#1075=ORIENTED_EDGE('',*,*,#721,.T.);
#1076=ORIENTED_EDGE('',*,*,#724,.T.);
#1077=ORIENTED_EDGE('',*,*,#726,.T.);
#1078=ORIENTED_EDGE('',*,*,#728,.T.);
#1079=ORIENTED_EDGE('',*,*,#629,.F.);
#1080=ORIENTED_EDGE('',*,*,#770,.F.);
#1081=ORIENTED_EDGE('',*,*,#763,.F.);
#1082=ORIENTED_EDGE('',*,*,#768,.T.);
#1083=ORIENTED_EDGE('',*,*,#626,.F.);
#1084=ORIENTED_EDGE('',*,*,#637,.F.);
#1085=ORIENTED_EDGE('',*,*,#764,.F.);
#1086=ORIENTED_EDGE('',*,*,#770,.T.);
#1087=ORIENTED_EDGE('',*,*,#634,.F.);
#1088=ORIENTED_EDGE('',*,*,#769,.T.);
#1089=ORIENTED_EDGE('',*,*,#761,.F.);
#1090=ORIENTED_EDGE('',*,*,#642,.T.);
#1091=PLANE('',#1227);
#1092=PLANE('',#1231);
#1093=PLANE('',#1235);
#1094=PLANE('',#1239);
#1095=PLANE('',#1245);
#1096=PLANE('',#1248);
#1097=PLANE('',#1249);
#1098=PLANE('',#1260);
#1099=PLANE('',#1267);
#1100=PLANE('',#1268);
#1101=PLANE('',#1269);
#1102=PLANE('',#1273);
#1103=PLANE('',#1277);
#1104=PLANE('',#1281);
#1105=PLANE('',#1282);
#1106=PLANE('',#1294);
#1107=PLANE('',#1298);
#1108=PLANE('',#1302);
#1109=PLANE('',#1306);
#1110=PLANE('',#1310);
#1111=PLANE('',#1311);
#1112=PLANE('',#1312);
#1113=PLANE('',#1313);
#1114=PLANE('',#1314);
#1115=PLANE('',#1319);
#1116=PLANE('',#1322);
#1117=PLANE('',#1325);
#1118=PLANE('',#1328);
#1119=PLANE('',#1331);
#1120=PLANE('',#1334);
#1121=PLANE('',#1338);
#1122=PLANE('',#1342);
#1123=PLANE('',#1346);
#1124=PLANE('',#1350);
#1125=PLANE('',#1353);
#1126=PLANE('',#1356);
#1127=PLANE('',#1359);
#1128=PLANE('',#1360);
#1129=PLANE('',#1363);
#1130=PLANE('',#1367);
#1131=PLANE('',#1369);
#1132=PLANE('',#1370);
#1133=PLANE('',#1372);
#1134=ADVANCED_FACE('',(#142),#1091,.T.);
#1135=ADVANCED_FACE('',(#143),#138,.T.);
#1136=ADVANCED_FACE('',(#144),#1092,.T.);
#1137=ADVANCED_FACE('',(#145),#139,.T.);
#1138=ADVANCED_FACE('',(#146),#1093,.T.);
#1139=ADVANCED_FACE('',(#147),#140,.T.);
#1140=ADVANCED_FACE('',(#148),#1094,.T.);
#1141=ADVANCED_FACE('',(#149),#141,.T.);
#1142=ADVANCED_FACE('',(#150),#38,.T.);
#1143=ADVANCED_FACE('',(#151),#1095,.T.);
#1144=ADVANCED_FACE('',(#152),#39,.T.);
#1145=ADVANCED_FACE('',(#153),#1096,.T.);
#1146=ADVANCED_FACE('',(#154,#15),#1097,.T.);
#1147=ADVANCED_FACE('',(#155),#40,.F.);
#1148=ADVANCED_FACE('',(#156),#41,.T.);
#1149=ADVANCED_FACE('',(#157,#16),#1098,.T.);
#1150=ADVANCED_FACE('',(#158),#42,.F.);
#1151=ADVANCED_FACE('',(#159),#43,.T.);
#1152=ADVANCED_FACE('',(#160,#17),#1099,.T.);
#1153=ADVANCED_FACE('',(#161),#1100,.T.);
#1154=ADVANCED_FACE('',(#162),#1101,.T.);
#1155=ADVANCED_FACE('',(#163),#44,.T.);
#1156=ADVANCED_FACE('',(#164),#1102,.T.);
#1157=ADVANCED_FACE('',(#165),#45,.T.);
#1158=ADVANCED_FACE('',(#166),#1103,.T.);
#1159=ADVANCED_FACE('',(#167),#46,.T.);
#1160=ADVANCED_FACE('',(#168,#18),#1104,.T.);
#1161=ADVANCED_FACE('',(#169,#19,#20,#21,#22,#23,#24,#25,#26),#1105,.F.);
#1162=ADVANCED_FACE('',(#170),#47,.T.);
#1163=ADVANCED_FACE('',(#171,#27),#1106,.T.);
#1164=ADVANCED_FACE('',(#172),#48,.F.);
#1165=ADVANCED_FACE('',(#173),#1107,.T.);
#1166=ADVANCED_FACE('',(#174),#49,.F.);
#1167=ADVANCED_FACE('',(#175),#1108,.T.);
#1168=ADVANCED_FACE('',(#176),#50,.F.);
#1169=ADVANCED_FACE('',(#177),#1109,.T.);
#1170=ADVANCED_FACE('',(#178),#51,.F.);
#1171=ADVANCED_FACE('',(#179),#1110,.T.);
#1172=ADVANCED_FACE('',(#180),#1111,.F.);
#1173=ADVANCED_FACE('',(#181),#1112,.F.);
#1174=ADVANCED_FACE('',(#182),#1113,.F.);
#1175=ADVANCED_FACE('',(#183,#28),#1114,.T.);
#1176=ADVANCED_FACE('',(#184),#1115,.F.);
#1177=ADVANCED_FACE('',(#185),#52,.F.);
#1178=ADVANCED_FACE('',(#186),#1116,.F.);
#1179=ADVANCED_FACE('',(#187),#53,.F.);
#1180=ADVANCED_FACE('',(#188),#1117,.T.);
#1181=ADVANCED_FACE('',(#189),#54,.F.);
#1182=ADVANCED_FACE('',(#190),#1118,.F.);
#1183=ADVANCED_FACE('',(#191),#55,.F.);
#1184=ADVANCED_FACE('',(#192),#1119,.F.);
#1185=ADVANCED_FACE('',(#193),#56,.T.);
#1186=ADVANCED_FACE('',(#194,#29),#1120,.T.);
#1187=ADVANCED_FACE('',(#195),#57,.T.);
#1188=ADVANCED_FACE('',(#196,#30),#1121,.T.);
#1189=ADVANCED_FACE('',(#197),#58,.T.);
#1190=ADVANCED_FACE('',(#198,#31),#1122,.T.);
#1191=ADVANCED_FACE('',(#199),#59,.T.);
#1192=ADVANCED_FACE('',(#200,#32),#1123,.T.);
#1193=ADVANCED_FACE('',(#201),#60,.T.);
#1194=ADVANCED_FACE('',(#202),#1124,.T.);
#1195=ADVANCED_FACE('',(#203),#61,.T.);
#1196=ADVANCED_FACE('',(#204),#1125,.T.);
#1197=ADVANCED_FACE('',(#205),#62,.T.);
#1198=ADVANCED_FACE('',(#206),#1126,.T.);
#1199=ADVANCED_FACE('',(#207),#63,.T.);
#1200=ADVANCED_FACE('',(#208),#1127,.T.);
#1201=ADVANCED_FACE('',(#209),#1128,.T.);
#1202=ADVANCED_FACE('',(#210),#64,.F.);
#1203=ADVANCED_FACE('',(#211),#65,.F.);
#1204=ADVANCED_FACE('',(#212,#33,#34,#35,#36),#1129,.F.);
#1205=ADVANCED_FACE('',(#213),#66,.F.);
#1206=ADVANCED_FACE('',(#214),#1130,.T.);
#1207=ADVANCED_FACE('',(#215),#67,.F.);
#1208=ADVANCED_FACE('',(#216),#1131,.T.);
#1209=ADVANCED_FACE('',(#217,#37),#1132,.T.);
#1210=ADVANCED_FACE('',(#218),#68,.T.);
#1211=ADVANCED_FACE('',(#219),#1133,.T.);
#1212=ADVANCED_FACE('',(#220),#69,.T.);
#1213=CLOSED_SHELL('',(#1134,#1135,#1136,#1137,#1138,#1139,#1140,#1141,
#1142,#1143,#1144,#1145,#1146,#1147,#1148,#1149,#1150,#1151,#1152,#1153,
#1154,#1155,#1156,#1157,#1158,#1159,#1160,#1161,#1162,#1163,#1164,#1165,
#1166,#1167,#1168,#1169,#1170,#1171,#1172,#1173,#1174,#1175,#1176,#1177,
#1178,#1179,#1180,#1181,#1182,#1183,#1184,#1185,#1186,#1187,#1188,#1189,
#1190,#1191,#1192,#1193,#1194,#1195,#1196,#1197,#1198,#1199,#1200,#1201,
#1202,#1203,#1204,#1205,#1206,#1207,#1208,#1209,#1210,#1211,#1212));
#1214=DERIVED_UNIT_ELEMENT(#1216,1.);
#1215=DERIVED_UNIT_ELEMENT(#2111,-3.);
#1216=(
MASS_UNIT()
NAMED_UNIT(*)
SI_UNIT(.KILO.,.GRAM.)
);
#1217=DERIVED_UNIT((#1214,#1215));
#1218=MEASURE_REPRESENTATION_ITEM('density measure',
POSITIVE_RATIO_MEASURE(7850.),#1217);
#1219=PROPERTY_DEFINITION_REPRESENTATION(#1224,#1221);
#1220=PROPERTY_DEFINITION_REPRESENTATION(#1225,#1222);
#1221=REPRESENTATION('material name',(#1223),#2108);
#1222=REPRESENTATION('density',(#1218),#2108);
#1223=DESCRIPTIVE_REPRESENTATION_ITEM('Steel','Steel');
#1224=PROPERTY_DEFINITION('material property','material name',#2118);
#1225=PROPERTY_DEFINITION('material property','density of part',#2118);
#1226=AXIS2_PLACEMENT_3D('',#1762,#1374,#1375);
#1227=AXIS2_PLACEMENT_3D('',#1763,#1376,#1377);
#1228=AXIS2_PLACEMENT_3D('',#1772,#1382,#1383);
#1229=AXIS2_PLACEMENT_3D('',#1776,#1385,#1386);
#1230=AXIS2_PLACEMENT_3D('',#1777,#1387,#1388);
#1231=AXIS2_PLACEMENT_3D('',#1778,#1389,#1390);
#1232=AXIS2_PLACEMENT_3D('',#1784,#1394,#1395);
#1233=AXIS2_PLACEMENT_3D('',#1788,#1397,#1398);
#1234=AXIS2_PLACEMENT_3D('',#1789,#1399,#1400);
#1235=AXIS2_PLACEMENT_3D('',#1790,#1401,#1402);
#1236=AXIS2_PLACEMENT_3D('',#1796,#1406,#1407);
#1237=AXIS2_PLACEMENT_3D('',#1800,#1409,#1410);
#1238=AXIS2_PLACEMENT_3D('',#1801,#1411,#1412);
#1239=AXIS2_PLACEMENT_3D('',#1802,#1413,#1414);
#1240=AXIS2_PLACEMENT_3D('',#1808,#1418,#1419);
#1241=AXIS2_PLACEMENT_3D('',#1809,#1420,#1421);
#1242=AXIS2_PLACEMENT_3D('',#1810,#1422,#1423);
#1243=AXIS2_PLACEMENT_3D('',#1811,#1424,#1425);
#1244=AXIS2_PLACEMENT_3D('',#1815,#1427,#1428);
#1245=AXIS2_PLACEMENT_3D('',#1817,#1430,#1431);
#1246=AXIS2_PLACEMENT_3D('',#1821,#1434,#1435);
#1247=AXIS2_PLACEMENT_3D('',#1824,#1437,#1438);
#1248=AXIS2_PLACEMENT_3D('',#1825,#1439,#1440);
#1249=AXIS2_PLACEMENT_3D('',#1829,#1443,#1444);
#1250=AXIS2_PLACEMENT_3D('',#1834,#1446,#1447);
#1251=AXIS2_PLACEMENT_3D('',#1838,#1449,#1450);
#1252=AXIS2_PLACEMENT_3D('',#1842,#1452,#1453);
#1253=AXIS2_PLACEMENT_3D('',#1845,#1455,#1456);
#1254=AXIS2_PLACEMENT_3D('',#1846,#1457,#1458);
#1255=AXIS2_PLACEMENT_3D('',#1848,#1459,#1460);
#1256=AXIS2_PLACEMENT_3D('',#1851,#1462,#1463);
#1257=AXIS2_PLACEMENT_3D('',#1852,#1464,#1465);
#1258=AXIS2_PLACEMENT_3D('',#1854,#1466,#1467);
#1259=AXIS2_PLACEMENT_3D('',#1857,#1469,#1470);
#1260=AXIS2_PLACEMENT_3D('',#1858,#1471,#1472);
#1261=AXIS2_PLACEMENT_3D('',#1859,#1473,#1474);
#1262=AXIS2_PLACEMENT_3D('',#1861,#1475,#1476);
#1263=AXIS2_PLACEMENT_3D('',#1864,#1478,#1479);
#1264=AXIS2_PLACEMENT_3D('',#1865,#1480,#1481);
#1265=AXIS2_PLACEMENT_3D('',#1867,#1482,#1483);
#1266=AXIS2_PLACEMENT_3D('',#1870,#1485,#1486);
#1267=AXIS2_PLACEMENT_3D('',#1871,#1487,#1488);
#1268=AXIS2_PLACEMENT_3D('',#1872,#1489,#1490);
#1269=AXIS2_PLACEMENT_3D('',#1873,#1491,#1492);
#1270=AXIS2_PLACEMENT_3D('',#1874,#1493,#1494);
#1271=AXIS2_PLACEMENT_3D('',#1876,#1495,#1496);
#1272=AXIS2_PLACEMENT_3D('',#1879,#1498,#1499);
#1273=AXIS2_PLACEMENT_3D('',#1880,#1500,#1501);
#1274=AXIS2_PLACEMENT_3D('',#1881,#1502,#1503);
#1275=AXIS2_PLACEMENT_3D('',#1883,#1504,#1505);
#1276=AXIS2_PLACEMENT_3D('',#1886,#1507,#1508);
#1277=AXIS2_PLACEMENT_3D('',#1887,#1509,#1510);
#1278=AXIS2_PLACEMENT_3D('',#1888,#1511,#1512);
#1279=AXIS2_PLACEMENT_3D('',#1890,#1513,#1514);
#1280=AXIS2_PLACEMENT_3D('',#1893,#1516,#1517);
#1281=AXIS2_PLACEMENT_3D('',#1894,#1518,#1519);
#1282=AXIS2_PLACEMENT_3D('',#1895,#1520,#1521);
#1283=AXIS2_PLACEMENT_3D('',#1898,#1522,#1523);
#1284=AXIS2_PLACEMENT_3D('',#1910,#1529,#1530);
#1285=AXIS2_PLACEMENT_3D('',#1914,#1532,#1533);
#1286=AXIS2_PLACEMENT_3D('',#1918,#1535,#1536);
#1287=AXIS2_PLACEMENT_3D('',#1921,#1538,#1539);
#1288=AXIS2_PLACEMENT_3D('',#1923,#1540,#1541);
#1289=AXIS2_PLACEMENT_3D('',#1925,#1542,#1543);
#1290=AXIS2_PLACEMENT_3D('',#1927,#1544,#1545);
#1291=AXIS2_PLACEMENT_3D('',#1929,#1546,#1547);
#1292=AXIS2_PLACEMENT_3D('',#1930,#1548,#1549);
#1293=AXIS2_PLACEMENT_3D('',#1932,#1550,#1551);
#1294=AXIS2_PLACEMENT_3D('',#1934,#1553,#1554);
#1295=AXIS2_PLACEMENT_3D('',#1935,#1555,#1556);
#1296=AXIS2_PLACEMENT_3D('',#1937,#1557,#1558);
#1297=AXIS2_PLACEMENT_3D('',#1940,#1560,#1561);
#1298=AXIS2_PLACEMENT_3D('',#1941,#1562,#1563);
#1299=AXIS2_PLACEMENT_3D('',#1942,#1564,#1565);
#1300=AXIS2_PLACEMENT_3D('',#1944,#1566,#1567);
#1301=AXIS2_PLACEMENT_3D('',#1947,#1569,#1570);
#1302=AXIS2_PLACEMENT_3D('',#1948,#1571,#1572);
#1303=AXIS2_PLACEMENT_3D('',#1949,#1573,#1574);
#1304=AXIS2_PLACEMENT_3D('',#1951,#1575,#1576);
#1305=AXIS2_PLACEMENT_3D('',#1954,#1578,#1579);
#1306=AXIS2_PLACEMENT_3D('',#1955,#1580,#1581);
#1307=AXIS2_PLACEMENT_3D('',#1956,#1582,#1583);
#1308=AXIS2_PLACEMENT_3D('',#1958,#1584,#1585);
#1309=AXIS2_PLACEMENT_3D('',#1961,#1587,#1588);
#1310=AXIS2_PLACEMENT_3D('',#1962,#1589,#1590);
#1311=AXIS2_PLACEMENT_3D('',#1963,#1591,#1592);
#1312=AXIS2_PLACEMENT_3D('',#1969,#1596,#1597);
#1313=AXIS2_PLACEMENT_3D('',#1975,#1601,#1602);
#1314=AXIS2_PLACEMENT_3D('',#1978,#1605,#1606);
#1315=AXIS2_PLACEMENT_3D('',#1981,#1607,#1608);
#1316=AXIS2_PLACEMENT_3D('',#1985,#1610,#1611);
#1317=AXIS2_PLACEMENT_3D('',#1989,#1613,#1614);
#1318=AXIS2_PLACEMENT_3D('',#1993,#1616,#1617);
#1319=AXIS2_PLACEMENT_3D('',#1995,#1619,#1620);
#1320=AXIS2_PLACEMENT_3D('',#2001,#1624,#1625);
#1321=AXIS2_PLACEMENT_3D('',#2004,#1627,#1628);
#1322=AXIS2_PLACEMENT_3D('',#2005,#1629,#1630);
#1323=AXIS2_PLACEMENT_3D('',#2009,#1633,#1634);
#1324=AXIS2_PLACEMENT_3D('',#2012,#1636,#1637);
#1325=AXIS2_PLACEMENT_3D('',#2013,#1638,#1639);
#1326=AXIS2_PLACEMENT_3D('',#2016,#1642,#1643);
#1327=AXIS2_PLACEMENT_3D('',#2018,#1644,#1645);
#1328=AXIS2_PLACEMENT_3D('',#2020,#1647,#1648);
#1329=AXIS2_PLACEMENT_3D('',#2024,#1651,#1652);
#1330=AXIS2_PLACEMENT_3D('',#2026,#1653,#1654);
#1331=AXIS2_PLACEMENT_3D('',#2028,#1656,#1657);
#1332=AXIS2_PLACEMENT_3D('',#2030,#1659,#1660);
#1333=AXIS2_PLACEMENT_3D('',#2032,#1661,#1662);
#1334=AXIS2_PLACEMENT_3D('',#2034,#1664,#1665);
#1335=AXIS2_PLACEMENT_3D('',#2036,#1666,#1667);
#1336=AXIS2_PLACEMENT_3D('',#2037,#1668,#1669);
#1337=AXIS2_PLACEMENT_3D('',#2039,#1670,#1671);
#1338=AXIS2_PLACEMENT_3D('',#2041,#1673,#1674);
#1339=AXIS2_PLACEMENT_3D('',#2043,#1675,#1676);
#1340=AXIS2_PLACEMENT_3D('',#2044,#1677,#1678);
#1341=AXIS2_PLACEMENT_3D('',#2046,#1679,#1680);
#1342=AXIS2_PLACEMENT_3D('',#2048,#1682,#1683);
#1343=AXIS2_PLACEMENT_3D('',#2050,#1684,#1685);
#1344=AXIS2_PLACEMENT_3D('',#2051,#1686,#1687);
#1345=AXIS2_PLACEMENT_3D('',#2053,#1688,#1689);
#1346=AXIS2_PLACEMENT_3D('',#2055,#1691,#1692);
#1347=AXIS2_PLACEMENT_3D('',#2057,#1693,#1694);
#1348=AXIS2_PLACEMENT_3D('',#2058,#1695,#1696);
#1349=AXIS2_PLACEMENT_3D('',#2060,#1697,#1698);
#1350=AXIS2_PLACEMENT_3D('',#2062,#1700,#1701);
#1351=AXIS2_PLACEMENT_3D('',#2063,#1702,#1703);
#1352=AXIS2_PLACEMENT_3D('',#2065,#1704,#1705);
#1353=AXIS2_PLACEMENT_3D('',#2067,#1707,#1708);
#1354=AXIS2_PLACEMENT_3D('',#2068,#1709,#1710);
#1355=AXIS2_PLACEMENT_3D('',#2070,#1711,#1712);
#1356=AXIS2_PLACEMENT_3D('',#2072,#1714,#1715);
#1357=AXIS2_PLACEMENT_3D('',#2073,#1716,#1717);
#1358=AXIS2_PLACEMENT_3D('',#2075,#1718,#1719);
#1359=AXIS2_PLACEMENT_3D('',#2077,#1721,#1722);
#1360=AXIS2_PLACEMENT_3D('',#2078,#1723,#1724);
#1361=AXIS2_PLACEMENT_3D('',#2081,#1727,#1728);
#1362=AXIS2_PLACEMENT_3D('',#2082,#1729,#1730);
#1363=AXIS2_PLACEMENT_3D('',#2084,#1732,#1733);
#1364=AXIS2_PLACEMENT_3D('',#2086,#1734,#1735);
#1365=AXIS2_PLACEMENT_3D('',#2090,#1737,#1738);
#1366=AXIS2_PLACEMENT_3D('',#2092,#1740,#1741);
#1367=AXIS2_PLACEMENT_3D('',#2094,#1743,#1744);
#1368=AXIS2_PLACEMENT_3D('',#2096,#1746,#1747);
#1369=AXIS2_PLACEMENT_3D('',#2098,#1749,#1750);
#1370=AXIS2_PLACEMENT_3D('',#2099,#1751,#1752);
#1371=AXIS2_PLACEMENT_3D('',#2102,#1755,#1756);
#1372=AXIS2_PLACEMENT_3D('',#2104,#1758,#1759);
#1373=AXIS2_PLACEMENT_3D('',#2105,#1760,#1761);
#1374=DIRECTION('axis',(0.,0.,1.));
#1375=DIRECTION('refdir',(1.,0.,0.));
#1376=DIRECTION('center_axis',(-0.707106781186548,1.50671633849826E-16,
0.707106781186548));
#1377=DIRECTION('ref_axis',(0.707106781186548,0.,0.707106781186548));
#1378=DIRECTION('',(0.707106781186547,0.,0.707106781186548));
#1379=DIRECTION('',(2.03540888937465E-16,1.,-9.54097911787244E-18));
#1380=DIRECTION('',(-0.707106781186543,0.,-0.707106781186552));
#1381=DIRECTION('',(-2.03540888937465E-16,-1.,9.54097911787244E-18));
#1382=DIRECTION('center_axis',(0.,0.,-1.));
#1383=DIRECTION('ref_axis',(-0.999999999999999,3.21099703813785E-8,-1.49252572860553E-25));
#1384=DIRECTION('',(-4.54203003640065E-8,0.707106781186549,0.707106781186544));
#1385=DIRECTION('center_axis',(-1.23259516440783E-32,-9.54097911787244E-18,
-1.));
#1386=DIRECTION('ref_axis',(-0.999999999999999,3.21099703813785E-8,-3.06360544558283E-25));
#1387=DIRECTION('center_axis',(1.23259516440783E-32,9.54097911787244E-18,
1.));
#1388=DIRECTION('ref_axis',(-0.999999999999999,3.21099703813785E-8,0.));
#1389=DIRECTION('center_axis',(-8.24992002727692E-13,-0.707106781186549,
0.707106781186546));
#1390=DIRECTION('ref_axis',(1.,0.,1.16671487910685E-12));
#1391=DIRECTION('',(8.16448078515564E-13,0.707106781186546,0.707106781186549));
#1392=DIRECTION('',(-1.,1.16671487910684E-12,-1.11192763464254E-29));
#1393=DIRECTION('',(1.,-1.16671487910684E-12,1.11192763464254E-29));
#1394=DIRECTION('center_axis',(0.,0.,-1.));
#1395=DIRECTION('ref_axis',(-3.2116549563009E-8,-0.999999999999999,4.64816930980688E-18));
#1396=DIRECTION('',(-0.707106781186551,-4.54104056413317E-8,0.707106781186542));
#1397=DIRECTION('center_axis',(-1.23259516440783E-32,-9.54097911787244E-18,
-1.));
#1398=DIRECTION('ref_axis',(-3.2116549563009E-8,-0.999999999999999,9.54097911787244E-18));
#1399=DIRECTION('center_axis',(1.23259516440783E-32,9.54097911787244E-18,
1.));
#1400=DIRECTION('ref_axis',(-3.2116549563009E-8,-0.999999999999999,0.));
#1401=DIRECTION('center_axis',(0.707106781186543,7.77725881854486E-13,0.707106781186552));
#1402=DIRECTION('ref_axis',(0.707106781186552,0.,-0.707106781186543));
#1403=DIRECTION('',(-0.707106781186552,-7.78765859507146E-13,0.707106781186543));
#1404=DIRECTION('',(1.09986094894808E-12,-1.,9.54097911787244E-18));
#1405=DIRECTION('',(-1.09986094894808E-12,1.,-9.54097911787244E-18));
#1406=DIRECTION('center_axis',(0.,0.,-1.));
#1407=DIRECTION('ref_axis',(0.999999999999999,-3.21170016460511E-8,1.49285255369214E-25));
#1408=DIRECTION('',(4.54188935611639E-8,-0.707106781186547,0.707106781186547));
#1409=DIRECTION('center_axis',(-1.23259516440783E-32,-9.54097911787244E-18,
-1.));
#1410=DIRECTION('ref_axis',(0.999999999999999,-3.21170016460511E-8,3.06427629707697E-25));
#1411=DIRECTION('center_axis',(1.23259516440783E-32,9.54097911787244E-18,
1.));
#1412=DIRECTION('ref_axis',(0.999999999999999,-3.21170016460511E-8,0.));
#1413=DIRECTION('center_axis',(-4.68934283503603E-14,0.707106781186549,
0.707106781186546));
#1414=DIRECTION('ref_axis',(1.,0.,6.63173223592507E-14));
#1415=DIRECTION('',(5.0242958677881E-14,-0.707106781186548,0.707106781186548));
#1416=DIRECTION('',(1.,6.63173223592504E-14,-6.45058139426901E-31));
#1417=DIRECTION('',(-1.,-6.63173223592504E-14,6.45058139426901E-31));
#1418=DIRECTION('center_axis',(0.,0.,-1.));
#1419=DIRECTION('ref_axis',(3.21169674511936E-8,0.999999999999999,-4.648169309806E-18));
#1420=DIRECTION('center_axis',(-1.23259516440783E-32,-9.54097911787244E-18,
-1.));
#1421=DIRECTION('ref_axis',(3.21169674511936E-8,0.999999999999999,-9.54097911787243E-18));
#1422=DIRECTION('center_axis',(1.23259516440783E-32,9.54097911787244E-18,
1.));
#1423=DIRECTION('ref_axis',(3.21169674511937E-8,0.999999999999999,0.));
#1424=DIRECTION('center_axis',(0.,0.,1.));
#1425=DIRECTION('ref_axis',(-3.2116549563009E-8,-0.999999999999999,0.));
#1426=DIRECTION('',(0.,0.,1.));
#1427=DIRECTION('center_axis',(0.,-9.54097911787244E-18,-1.));
#1428=DIRECTION('ref_axis',(-3.2116549563009E-8,-0.999999999999999,9.54097911787244E-18));
#1429=DIRECTION('',(0.,0.,1.));
#1430=DIRECTION('center_axis',(-1.16671487910684E-12,-1.,0.));
#1431=DIRECTION('ref_axis',(1.,-1.16671487910684E-12,1.11316022980694E-29));
#1432=DIRECTION('',(0.,0.,1.));
#1433=DIRECTION('',(-1.,1.16671487910684E-12,-1.11316022980694E-29));
#1434=DIRECTION('center_axis',(0.,0.,1.));
#1435=DIRECTION('ref_axis',(-0.999999999999999,3.21099703813785E-8,0.));
#1436=DIRECTION('',(0.,0.,1.));
#1437=DIRECTION('center_axis',(-1.23259520399509E-32,-9.54097911787244E-18,
-1.));
#1438=DIRECTION('ref_axis',(-0.999999999999999,3.21099703813785E-8,-3.06360544558283E-25));
#1439=DIRECTION('center_axis',(-1.,2.03540888937465E-16,0.));
#1440=DIRECTION('ref_axis',(-2.03540888937465E-16,-1.,9.54097911787244E-18));
#1441=DIRECTION('',(0.,0.,1.));
#1442=DIRECTION('',(2.03540888937465E-16,1.,-9.54097911787244E-18));
#1443=DIRECTION('center_axis',(1.23259516440783E-32,9.54097911787244E-18,
1.));
#1444=DIRECTION('ref_axis',(-1.,1.17601647244057E-49,1.23259516440783E-32));
#1445=DIRECTION('',(-1.48029736616688E-16,-1.,9.54097911787244E-18));
#1446=DIRECTION('center_axis',(0.,-9.54097911787244E-18,-1.));
#1447=DIRECTION('ref_axis',(-6.42320016235888E-8,-0.999999999999998,9.54097911787242E-18));
#1448=DIRECTION('',(-1.,1.10014775067669E-12,-1.04964867157806E-29));
#1449=DIRECTION('center_axis',(-2.4651904871647E-32,-9.54097911787244E-18,
-1.));
#1450=DIRECTION('ref_axis',(-0.999999999999998,6.42200085505163E-8,-6.12721735878161E-25));
#1451=DIRECTION('',(-6.64653517408927E-14,1.,-9.54097911787244E-18));
#1452=DIRECTION('center_axis',(0.,-9.54097911787244E-18,-1.));
#1453=DIRECTION('ref_axis',(6.42340044669529E-8,0.999999999999998,-9.54097911787242E-18));
#1454=DIRECTION('',(1.,6.66133814775096E-14,-6.3555688164779E-31));
#1455=DIRECTION('center_axis',(0.,-9.54097911787244E-18,-1.));
#1456=DIRECTION('ref_axis',(0.999999999999998,-6.4234007131437E-8,6.1285532069831E-25));
#1457=DIRECTION('center_axis',(0.,0.,1.));
#1458=DIRECTION('ref_axis',(-1.,0.,0.));
#1459=DIRECTION('center_axis',(0.,0.,-1.));
#1460=DIRECTION('ref_axis',(-1.,0.,0.));
#1461=DIRECTION('',(0.,0.,-1.));
#1462=DIRECTION('center_axis',(0.,0.,1.));
#1463=DIRECTION('ref_axis',(-1.,0.,0.));
#1464=DIRECTION('center_axis',(0.,0.,1.));
#1465=DIRECTION('ref_axis',(-1.,0.,0.));
#1466=DIRECTION('center_axis',(0.,2.5679065925163E-34,1.));
#1467=DIRECTION('ref_axis',(-1.,0.,0.));
#1468=DIRECTION('',(0.,0.,-1.));
#1469=DIRECTION('center_axis',(9.89681599237322E-41,1.54074395550979E-33,
-1.));
#1470=DIRECTION('ref_axis',(-1.,0.,0.));
#1471=DIRECTION('center_axis',(0.,0.,1.));
#1472=DIRECTION('ref_axis',(-1.,0.,0.));
#1473=DIRECTION('center_axis',(0.,0.,1.));
#1474=DIRECTION('ref_axis',(-1.,0.,0.));
#1475=DIRECTION('center_axis',(0.,0.,-1.));
#1476=DIRECTION('ref_axis',(-1.,0.,0.));
#1477=DIRECTION('',(0.,0.,-1.));
#1478=DIRECTION('center_axis',(0.,0.,1.));
#1479=DIRECTION('ref_axis',(-1.,0.,0.));
#1480=DIRECTION('center_axis',(0.,0.,1.));
#1481=DIRECTION('ref_axis',(-1.,0.,0.));
#1482=DIRECTION('center_axis',(0.,2.5679065925163E-34,1.));
#1483=DIRECTION('ref_axis',(-1.,0.,0.));
#1484=DIRECTION('',(0.,0.,-1.));
#1485=DIRECTION('center_axis',(9.89681599237322E-41,1.54074395550979E-33,
-1.));
#1486=DIRECTION('ref_axis',(-1.,0.,0.));
#1487=DIRECTION('center_axis',(0.,0.,1.));
#1488=DIRECTION('ref_axis',(-1.,0.,0.));
#1489=DIRECTION('center_axis',(0.,0.,1.));
#1490=DIRECTION('ref_axis',(-1.,0.,0.));
#1491=DIRECTION('center_axis',(0.,0.,1.));
#1492=DIRECTION('ref_axis',(-1.,0.,0.));
#1493=DIRECTION('center_axis',(0.,0.,1.));
#1494=DIRECTION('ref_axis',(-1.,0.,0.));
#1495=DIRECTION('center_axis',(3.91566194678742E-107,2.5679065925163E-34,
1.));
#1496=DIRECTION('ref_axis',(-1.,0.,0.));
#1497=DIRECTION('',(0.,0.,-1.));
#1498=DIRECTION('center_axis',(-3.91566194678742E-107,-2.5679065925163E-34,
-1.));
#1499=DIRECTION('ref_axis',(-1.,0.,0.));
#1500=DIRECTION('center_axis',(0.,0.,1.));
#1501=DIRECTION('ref_axis',(-1.,0.,0.));
#1502=DIRECTION('center_axis',(0.,0.,1.));
#1503=DIRECTION('ref_axis',(-1.,0.,0.));
#1504=DIRECTION('center_axis',(3.91566194678742E-107,2.5679065925163E-34,
1.));
#1505=DIRECTION('ref_axis',(-1.,0.,0.));
#1506=DIRECTION('',(0.,0.,-1.));
#1507=DIRECTION('center_axis',(-3.91566194678742E-107,-2.5679065925163E-34,
-1.));
#1508=DIRECTION('ref_axis',(-1.,0.,0.));
#1509=DIRECTION('center_axis',(0.,0.,1.));
#1510=DIRECTION('ref_axis',(-1.,0.,0.));
#1511=DIRECTION('center_axis',(0.,0.,1.));
#1512=DIRECTION('ref_axis',(-1.,0.,0.));
#1513=DIRECTION('center_axis',(0.,2.5679065925163E-34,1.));
#1514=DIRECTION('ref_axis',(-1.,0.,0.));
#1515=DIRECTION('',(0.,0.,-1.));
#1516=DIRECTION('center_axis',(9.89681599237322E-41,1.54074395550979E-33,
-1.));
#1517=DIRECTION('ref_axis',(-1.,0.,0.));
#1518=DIRECTION('center_axis',(0.,0.,1.));
#1519=DIRECTION('ref_axis',(-1.,0.,0.));
#1520=DIRECTION('center_axis',(9.89681599237322E-41,1.54074395550979E-33,
-1.));
#1521=DIRECTION('ref_axis',(1.,0.,9.89681599237322E-41));
#1522=DIRECTION('center_axis',(9.89681599237322E-41,1.54074395550979E-33,
-1.));
#1523=DIRECTION('ref_axis',(0.999999999999998,-6.4234007131437E-8,0.));
#1524=DIRECTION('',(1.,6.66133814775096E-14,9.8968262557897E-41));
#1525=DIRECTION('',(0.,1.,0.));
#1526=DIRECTION('',(-1.,7.10642421724872E-29,7.88860905221012E-30));
#1527=DIRECTION('',(0.,1.,0.));
#1528=DIRECTION('',(1.,6.66133814775096E-14,9.8968262557897E-41));
#1529=DIRECTION('center_axis',(9.89681599237322E-41,1.54074395550979E-33,
-1.));
#1530=DIRECTION('ref_axis',(6.42340044669529E-8,0.999999999999998,0.));
#1531=DIRECTION('',(-6.64653517408927E-14,1.,1.54074395550979E-33));
#1532=DIRECTION('center_axis',(9.89681599237322E-41,1.54074395550979E-33,
-1.));
#1533=DIRECTION('ref_axis',(-0.999999999999998,6.42200085505163E-8,0.));
#1534=DIRECTION('',(-1.,1.10014775067669E-12,-9.89664648777351E-41));
#1535=DIRECTION('center_axis',(9.89681599237322E-41,1.54074395550979E-33,
-1.));
#1536=DIRECTION('ref_axis',(-6.42320016235888E-8,-0.999999999999998,0.));
#1537=DIRECTION('',(-1.48029736616688E-16,-1.,-1.54074395550979E-33));
#1538=DIRECTION('center_axis',(9.89681599237322E-41,1.54074395550979E-33,
-1.));
#1539=DIRECTION('ref_axis',(-1.,0.,0.));
#1540=DIRECTION('center_axis',(9.89681599237322E-41,1.54074395550979E-33,
-1.));
#1541=DIRECTION('ref_axis',(-1.,-4.93038065763132E-32,0.));
#1542=DIRECTION('center_axis',(9.89681599237322E-41,1.54074395550979E-33,
-1.));
#1543=DIRECTION('ref_axis',(-1.,-4.93038065763132E-32,0.));
#1544=DIRECTION('center_axis',(9.89681599237322E-41,1.54074395550979E-33,
-1.));
#1545=DIRECTION('ref_axis',(-1.,-4.93038065763132E-32,0.));
#1546=DIRECTION('center_axis',(9.89681599237322E-41,1.54074395550979E-33,
-1.));
#1547=DIRECTION('ref_axis',(-1.,-4.93038065763132E-32,0.));
#1548=DIRECTION('center_axis',(0.,0.,1.));
#1549=DIRECTION('ref_axis',(-1.,0.,0.));
#1550=DIRECTION('center_axis',(0.,2.5679065925163E-34,1.));
#1551=DIRECTION('ref_axis',(-1.,0.,0.));
#1552=DIRECTION('',(0.,0.,-1.));
#1553=DIRECTION('center_axis',(0.,0.,1.));
#1554=DIRECTION('ref_axis',(-1.,0.,0.));
#1555=DIRECTION('center_axis',(0.,0.,1.));
#1556=DIRECTION('ref_axis',(1.,-6.96662734172798E-29,0.));
#1557=DIRECTION('center_axis',(1.23259516440783E-32,9.54097911787244E-18,
1.));
#1558=DIRECTION('ref_axis',(1.,-6.96662734172798E-29,0.));
#1559=DIRECTION('',(0.,0.,1.));
#1560=DIRECTION('center_axis',(7.88860905221012E-30,-2.11758228924966E-22,
1.));
#1561=DIRECTION('ref_axis',(1.,-6.96662734172798E-29,-7.88860905221012E-30));
#1562=DIRECTION('center_axis',(-7.88860905221012E-30,2.11758228924966E-22,
-1.));
#1563=DIRECTION('ref_axis',(1.,-6.96662734172798E-29,-7.88860905221012E-30));
#1564=DIRECTION('center_axis',(0.,0.,1.));
#1565=DIRECTION('ref_axis',(1.,-6.96662734172798E-29,0.));
#1566=DIRECTION('center_axis',(1.23259516440783E-32,9.54097911787244E-18,
1.));
#1567=DIRECTION('ref_axis',(1.,-6.96662734172798E-29,0.));
#1568=DIRECTION('',(0.,0.,1.));
#1569=DIRECTION('center_axis',(7.88860905221012E-30,-2.11758228924966E-22,
1.));
#1570=DIRECTION('ref_axis',(1.,-6.96662734172798E-29,-7.88860905221012E-30));
#1571=DIRECTION('center_axis',(-7.88860905221012E-30,2.11758228924966E-22,
-1.));
#1572=DIRECTION('ref_axis',(1.,-6.96662734172798E-29,-7.88860905221012E-30));
#1573=DIRECTION('center_axis',(0.,0.,1.));
#1574=DIRECTION('ref_axis',(1.,-6.96662734172798E-29,0.));
#1575=DIRECTION('center_axis',(1.23259516440783E-32,9.54097911787244E-18,
1.));
#1576=DIRECTION('ref_axis',(1.,-6.96662734172798E-29,0.));
#1577=DIRECTION('',(0.,0.,1.));
#1578=DIRECTION('center_axis',(7.88860905221012E-30,-2.11758228924966E-22,
1.));
#1579=DIRECTION('ref_axis',(1.,-6.96662734172798E-29,-7.88860905221012E-30));
#1580=DIRECTION('center_axis',(-7.88860905221012E-30,2.11758228924966E-22,
-1.));
#1581=DIRECTION('ref_axis',(1.,-6.96662734172798E-29,-7.88860905221012E-30));
#1582=DIRECTION('center_axis',(0.,0.,1.));
#1583=DIRECTION('ref_axis',(1.,-6.96662734172798E-29,0.));
#1584=DIRECTION('center_axis',(1.23259516440783E-32,9.54097911787244E-18,
1.));
#1585=DIRECTION('ref_axis',(1.,-6.96662734172798E-29,0.));
#1586=DIRECTION('',(0.,0.,1.));
#1587=DIRECTION('center_axis',(7.88860905221012E-30,-2.11758228924966E-22,
1.));
#1588=DIRECTION('ref_axis',(1.,-6.96662734172798E-29,-7.88860905221012E-30));
#1589=DIRECTION('center_axis',(-7.88860905221012E-30,2.11758228924966E-22,
-1.));
#1590=DIRECTION('ref_axis',(1.,-6.96662734172798E-29,-7.88860905221012E-30));
#1591=DIRECTION('center_axis',(1.,0.,-7.88860905221012E-30));
#1592=DIRECTION('ref_axis',(-7.88860905221012E-30,2.11758230502688E-22,
-1.));
#1593=DIRECTION('',(-7.88860905221012E-30,-5.25486924121808E-43,-1.));
#1594=DIRECTION('',(0.,1.,0.));
#1595=DIRECTION('',(-7.88860905221012E-30,2.11758230502688E-22,-1.));
#1596=DIRECTION('center_axis',(7.88860905221012E-30,0.,1.));
#1597=DIRECTION('ref_axis',(1.,-6.95239223679488E-29,-7.88860905221012E-30));
#1598=DIRECTION('',(1.,6.66133814775096E-14,-7.88860905221012E-30));
#1599=DIRECTION('',(0.,1.,0.));
#1600=DIRECTION('',(1.,-6.95239223679488E-29,-7.88860905221012E-30));
#1601=DIRECTION('center_axis',(-1.,0.,7.88860905221012E-30));
#1602=DIRECTION('ref_axis',(7.88860905221012E-30,-2.11758237467331E-22,
1.));
#1603=DIRECTION('',(7.88860905221012E-30,5.25486924121808E-43,1.));
#1604=DIRECTION('',(7.88860905221012E-30,-2.11758237467331E-22,1.));
#1605=DIRECTION('center_axis',(-7.10642421724872E-29,-1.,-2.11758230502688E-22));
#1606=DIRECTION('ref_axis',(1.,-7.10642421724872E-29,-7.88860905221012E-30));
#1607=DIRECTION('center_axis',(-7.10642421724872E-29,-1.,-2.11758230502688E-22));
#1608=DIRECTION('ref_axis',(1.,0.,6.76277984543242E-15));
#1609=DIRECTION('',(1.,-7.10642436122136E-29,6.79891621708488E-15));
#1610=DIRECTION('center_axis',(-7.10642421724872E-29,-1.,-2.11758230502688E-22));
#1611=DIRECTION('ref_axis',(4.50851989695495E-15,0.,-1.));
#1612=DIRECTION('',(7.40148683083437E-15,2.11758230502688E-22,-1.));
#1613=DIRECTION('center_axis',(-7.10642421724872E-29,-1.,-2.11758230502688E-22));
#1614=DIRECTION('ref_axis',(-1.,0.,-7.88990981967115E-15));
#1615=DIRECTION('',(-1.,7.10642437646553E-29,-7.51880146359973E-15));
#1616=DIRECTION('center_axis',(-7.10642421724872E-29,-1.,-2.11758230502688E-22));
#1617=DIRECTION('ref_axis',(7.88860905221012E-30,0.,1.));
#1618=DIRECTION('',(-7.40148683083436E-15,-2.11758230502688E-22,1.));
#1619=DIRECTION('center_axis',(-1.,0.,-7.40148683083437E-15));
#1620=DIRECTION('ref_axis',(7.40148683083437E-15,2.11758230496137E-22,-1.));
#1621=DIRECTION('',(0.,-1.,0.));
#1622=DIRECTION('',(7.40148683083437E-15,4.90846788098189E-28,-1.));
#1623=DIRECTION('',(0.,-1.,0.));
#1624=DIRECTION('center_axis',(0.,-1.,0.));
#1625=DIRECTION('ref_axis',(4.50851989695495E-15,0.,-1.));
#1626=DIRECTION('',(0.,-1.,0.));
#1627=DIRECTION('center_axis',(6.63173223592504E-14,-1.,0.));
#1628=DIRECTION('ref_axis',(4.50851989695495E-15,0.,-1.));
#1629=DIRECTION('center_axis',(6.79891621708488E-15,0.,-1.));
#1630=DIRECTION('ref_axis',(1.,-6.95155254330028E-29,6.79891621708488E-15));
#1631=DIRECTION('',(0.,-1.,0.));
#1632=DIRECTION('',(1.,6.63173223592504E-14,6.79891621708488E-15));
#1633=DIRECTION('center_axis',(0.,-1.,0.));
#1634=DIRECTION('ref_axis',(1.,0.,6.76277984543242E-15));
#1635=DIRECTION('',(0.,-1.,0.));
#1636=DIRECTION('center_axis',(6.63173223592504E-14,-1.,0.));
#1637=DIRECTION('ref_axis',(1.,0.,6.76277984543242E-15));
#1638=DIRECTION('center_axis',(6.66133814775096E-14,-1.,0.));
#1639=DIRECTION('ref_axis',(1.,6.66133814775096E-14,-6.3555688164779E-31));
#1640=DIRECTION('',(0.,0.,1.));
#1641=DIRECTION('',(0.,0.,1.));
#1642=DIRECTION('center_axis',(0.,-1.,0.));
#1643=DIRECTION('ref_axis',(-1.,0.,-7.88990981967115E-15));
#1644=DIRECTION('center_axis',(6.63173223592504E-14,-1.,0.));
#1645=DIRECTION('ref_axis',(-1.,0.,-7.88990981967115E-15));
#1646=DIRECTION('',(0.,-1.,0.));
#1647=DIRECTION('center_axis',(-7.51880146359973E-15,0.,1.));
#1648=DIRECTION('ref_axis',(-1.,6.95155255854445E-29,-7.51880146359973E-15));
#1649=DIRECTION('',(-1.,-6.63173223592504E-14,-7.51880146359973E-15));
#1650=DIRECTION('',(0.,-1.,0.));
#1651=DIRECTION('center_axis',(0.,-1.,0.));
#1652=DIRECTION('ref_axis',(7.88860905221012E-30,0.,1.));
#1653=DIRECTION('center_axis',(6.63173223592504E-14,-1.,0.));
#1654=DIRECTION('ref_axis',(7.88860905221012E-30,0.,1.));
#1655=DIRECTION('',(0.,-1.,0.));
#1656=DIRECTION('center_axis',(1.,0.,7.40148683083436E-15));
#1657=DIRECTION('ref_axis',(-7.40148683083436E-15,-2.11758230483428E-22,
1.));
#1658=DIRECTION('',(-7.40148683083436E-15,-4.90846788098188E-28,1.));
#1659=DIRECTION('center_axis',(0.,0.,1.));
#1660=DIRECTION('ref_axis',(-1.,-4.93038065763132E-32,0.));
#1661=DIRECTION('center_axis',(-2.32637440366425E-47,-9.03978049396333E-63,
1.));
#1662=DIRECTION('ref_axis',(-1.,-4.93038065763132E-32,-2.32637440366425E-47));
#1663=DIRECTION('',(0.,0.,-1.));
#1664=DIRECTION('center_axis',(-2.32637440366425E-47,-9.03978049396333E-63,
1.));
#1665=DIRECTION('ref_axis',(-1.,-4.93038065763132E-32,-2.32637440366425E-47));
#1666=DIRECTION('center_axis',(-2.32637440366425E-47,-9.03978049396333E-63,
1.));
#1667=DIRECTION('ref_axis',(-1.,-4.93038065763132E-32,0.));
#1668=DIRECTION('center_axis',(0.,0.,1.));
#1669=DIRECTION('ref_axis',(-1.,-4.93038065763132E-32,0.));
#1670=DIRECTION('center_axis',(-2.32637440366425E-47,-9.03978049396333E-63,
1.));
#1671=DIRECTION('ref_axis',(-1.,-4.93038065763132E-32,-2.32637440366425E-47));
#1672=DIRECTION('',(0.,0.,-1.));
#1673=DIRECTION('center_axis',(-2.32637440366425E-47,-9.03978049396333E-63,
1.));
#1674=DIRECTION('ref_axis',(-1.,-4.93038065763132E-32,-2.32637440366425E-47));
#1675=DIRECTION('center_axis',(-2.32637440366425E-47,-9.03978049396333E-63,
1.));
#1676=DIRECTION('ref_axis',(-1.,-4.93038065763132E-32,0.));
#1677=DIRECTION('center_axis',(0.,0.,1.));
#1678=DIRECTION('ref_axis',(-1.,-4.93038065763132E-32,0.));
#1679=DIRECTION('center_axis',(-2.32637440366425E-47,-9.03978049396333E-63,
1.));
#1680=DIRECTION('ref_axis',(-1.,-4.93038065763132E-32,-2.32637440366425E-47));
#1681=DIRECTION('',(0.,0.,-1.));
#1682=DIRECTION('center_axis',(-2.32637440366425E-47,-9.03978049396333E-63,
1.));
#1683=DIRECTION('ref_axis',(-1.,-4.93038065763132E-32,-2.32637440366425E-47));
#1684=DIRECTION('center_axis',(-2.32637440366425E-47,-9.03978049396333E-63,
1.));
#1685=DIRECTION('ref_axis',(-1.,-4.93038065763132E-32,0.));
#1686=DIRECTION('center_axis',(0.,0.,1.));
#1687=DIRECTION('ref_axis',(-1.,-4.93038065763132E-32,0.));
#1688=DIRECTION('center_axis',(-2.32637440366425E-47,-9.03978049396333E-63,
1.));
#1689=DIRECTION('ref_axis',(-1.,-4.93038065763132E-32,-2.32637440366425E-47));
#1690=DIRECTION('',(0.,0.,-1.));
#1691=DIRECTION('center_axis',(-2.32637440366425E-47,-9.03978049396333E-63,
1.));
#1692=DIRECTION('ref_axis',(-1.,-4.93038065763132E-32,-2.32637440366425E-47));
#1693=DIRECTION('center_axis',(-2.32637440366425E-47,-9.03978049396333E-63,
1.));
#1694=DIRECTION('ref_axis',(-1.,-4.93038065763132E-32,0.));
#1695=DIRECTION('center_axis',(0.,0.,1.));
#1696=DIRECTION('ref_axis',(-1.,-4.93038065763132E-32,0.));
#1697=DIRECTION('center_axis',(-2.32637440366425E-47,-9.03978049396333E-63,
1.));
#1698=DIRECTION('ref_axis',(-1.,-4.93038065763132E-32,-2.32637440366425E-47));
#1699=DIRECTION('',(0.,0.,-1.));
#1700=DIRECTION('center_axis',(-2.32637440366425E-47,-9.03978049396333E-63,
1.));
#1701=DIRECTION('ref_axis',(-1.,-4.93038065763132E-32,-2.32637440366425E-47));
#1702=DIRECTION('center_axis',(0.,0.,1.));
#1703=DIRECTION('ref_axis',(-1.,-4.93038065763132E-32,0.));
#1704=DIRECTION('center_axis',(-2.32637440366425E-47,-9.03978049396333E-63,
1.));
#1705=DIRECTION('ref_axis',(-1.,-4.93038065763132E-32,-2.32637440366425E-47));
#1706=DIRECTION('',(0.,0.,-1.));
#1707=DIRECTION('center_axis',(-2.32637440366425E-47,-9.03978049396333E-63,
1.));
#1708=DIRECTION('ref_axis',(-1.,-4.93038065763132E-32,-2.32637440366425E-47));
#1709=DIRECTION('center_axis',(0.,0.,1.));
#1710=DIRECTION('ref_axis',(-1.,-4.93038065763132E-32,0.));
#1711=DIRECTION('center_axis',(-2.32637440366425E-47,-9.03978049396333E-63,
1.));
#1712=DIRECTION('ref_axis',(-1.,-4.93038065763132E-32,-2.32637440366425E-47));
#1713=DIRECTION('',(0.,0.,-1.));
#1714=DIRECTION('center_axis',(-2.32637440366425E-47,-9.03978049396333E-63,
1.));
#1715=DIRECTION('ref_axis',(-1.,-4.93038065763132E-32,-2.32637440366425E-47));
#1716=DIRECTION('center_axis',(0.,0.,1.));
#1717=DIRECTION('ref_axis',(-1.,-4.93038065763132E-32,0.));
#1718=DIRECTION('center_axis',(-2.32637440366425E-47,-9.03978049396333E-63,
1.));
#1719=DIRECTION('ref_axis',(-1.,-4.93038065763132E-32,-2.32637440366425E-47));
#1720=DIRECTION('',(0.,0.,-1.));
#1721=DIRECTION('center_axis',(-2.32637440366425E-47,-9.03978049396333E-63,
1.));
#1722=DIRECTION('ref_axis',(-1.,-4.93038065763132E-32,-2.32637440366425E-47));
#1723=DIRECTION('center_axis',(1.,6.64653517408927E-14,0.));
#1724=DIRECTION('ref_axis',(-6.64653517408927E-14,1.,-9.54097911787244E-18));
#1725=DIRECTION('',(0.,0.,1.));
#1726=DIRECTION('',(0.,0.,1.));
#1727=DIRECTION('center_axis',(0.,0.,1.));
#1728=DIRECTION('ref_axis',(6.42340044669529E-8,0.999999999999998,0.));
#1729=DIRECTION('center_axis',(0.,0.,1.));
#1730=DIRECTION('ref_axis',(0.999999999999998,-6.4234007131437E-8,0.));
#1731=DIRECTION('',(0.,0.,-1.));
#1732=DIRECTION('center_axis',(1.23259516440783E-32,9.54097911787244E-18,
1.));
#1733=DIRECTION('ref_axis',(-1.,1.17601647244057E-49,1.23259516440783E-32));
#1734=DIRECTION('center_axis',(0.,-9.54097911787244E-18,-1.));
#1735=DIRECTION('ref_axis',(3.21169674511936E-8,0.999999999999999,-9.54097911787243E-18));
#1736=DIRECTION('',(1.,6.63173223592504E-14,-6.32732187782823E-31));
#1737=DIRECTION('center_axis',(0.,-9.54097911787244E-18,-1.));
#1738=DIRECTION('ref_axis',(0.999999999999999,-3.21170016460511E-8,3.06427642033648E-25));
#1739=DIRECTION('',(1.09986094894808E-12,-1.,9.54097911787244E-18));
#1740=DIRECTION('center_axis',(0.,0.,1.));
#1741=DIRECTION('ref_axis',(-0.999999999999998,6.42200085505163E-8,0.));
#1742=DIRECTION('',(0.,0.,1.));
#1743=DIRECTION('center_axis',(1.10014775067669E-12,1.,0.));
#1744=DIRECTION('ref_axis',(-1.,1.10014775067669E-12,-1.04964867157806E-29));
#1745=DIRECTION('',(0.,0.,1.));
#1746=DIRECTION('center_axis',(0.,0.,1.));
#1747=DIRECTION('ref_axis',(-6.42320016235888E-8,-0.999999999999998,0.));
#1748=DIRECTION('',(0.,0.,1.));
#1749=DIRECTION('center_axis',(-1.,1.48029736616688E-16,0.));
#1750=DIRECTION('ref_axis',(-1.48029736616688E-16,-1.,9.54097911787244E-18));
#1751=DIRECTION('center_axis',(-6.63173223592504E-14,1.,0.));
#1752=DIRECTION('ref_axis',(-1.,-6.63173223592504E-14,6.32732187782823E-31));
#1753=DIRECTION('',(0.,0.,1.));
#1754=DIRECTION('',(0.,0.,-1.));
#1755=DIRECTION('center_axis',(0.,0.,1.));
#1756=DIRECTION('ref_axis',(0.999999999999999,-3.21170016460511E-8,0.));
#1757=DIRECTION('',(0.,0.,1.));
#1758=DIRECTION('center_axis',(1.,1.09986094894808E-12,0.));
#1759=DIRECTION('ref_axis',(-1.09986094894808E-12,1.,-9.54097911787244E-18));
#1760=DIRECTION('center_axis',(0.,0.,1.));
#1761=DIRECTION('ref_axis',(3.21169674511936E-8,0.999999999999999,0.));
#1762=CARTESIAN_POINT('',(0.,0.,0.));
#1763=CARTESIAN_POINT('Origin',(3.24999999999972,52.449999839416,16.26));
#1764=CARTESIAN_POINT('',(2.99999999999971,7.44999999999968,16.01));
#1765=CARTESIAN_POINT('',(3.49999999999971,7.44999999999968,16.51));
#1766=CARTESIAN_POINT('',(2.99999999999971,7.44999999999968,16.01));
#1767=CARTESIAN_POINT('',(3.49999999999972,67.44999967883,16.51));
#1768=CARTESIAN_POINT('',(3.49999999999972,52.449999839416,16.51));
#1769=CARTESIAN_POINT('',(2.99999999999973,67.44999967883,16.01));
#1770=CARTESIAN_POINT('',(3.49999999999972,67.44999967883,16.51));
#1771=CARTESIAN_POINT('',(2.99999999999972,52.449999839416,16.01));
#1772=CARTESIAN_POINT('Origin',(12.9999996788297,7.44999967889999,16.26));
#1773=CARTESIAN_POINT('',(13.0000003211697,-2.54999999992999,16.01));
#1774=CARTESIAN_POINT('',(13.0000002890527,-2.04999999992998,16.51));
#1775=CARTESIAN_POINT('',(13.0000003211697,-2.54999999992999,16.01));
#1776=CARTESIAN_POINT('Origin',(12.9999996788297,7.44999967889999,16.51));
#1777=CARTESIAN_POINT('Origin',(12.9999996788297,7.44999967889999,16.01));
#1778=CARTESIAN_POINT('Origin',(28.0000001605766,-2.29999999994749,16.26));
#1779=CARTESIAN_POINT('',(72.999999999994,-2.54999999999999,16.01));
#1780=CARTESIAN_POINT('',(72.9999999999946,-2.04999999999999,16.51));
#1781=CARTESIAN_POINT('',(72.999999999994,-2.54999999999999,16.01));
#1782=CARTESIAN_POINT('',(28.0000001605769,-2.04999999994749,16.51));
#1783=CARTESIAN_POINT('',(28.0000001605763,-2.54999999994749,16.01));
#1784=CARTESIAN_POINT('Origin',(73.0000003211595,7.44999967889998,16.26));
#1785=CARTESIAN_POINT('',(83.0000000000595,7.45000032110006,16.01));
#1786=CARTESIAN_POINT('',(82.5000000000595,7.45000028899005,16.51));
#1787=CARTESIAN_POINT('',(83.0000000000595,7.45000032110006,16.01));
#1788=CARTESIAN_POINT('Origin',(73.0000003211595,7.44999967889998,16.51));
#1789=CARTESIAN_POINT('Origin',(73.0000003211595,7.44999967889998,16.01));
#1790=CARTESIAN_POINT('Origin',(82.750000000043,22.4500001605728,16.26));
#1791=CARTESIAN_POINT('',(82.9999999999935,67.45,16.01));
#1792=CARTESIAN_POINT('',(82.4999999999935,67.4499999999995,16.51));
#1793=CARTESIAN_POINT('',(82.9999999999935,67.45,16.01));
#1794=CARTESIAN_POINT('',(82.500000000043,22.4500001605725,16.51));
#1795=CARTESIAN_POINT('',(83.000000000043,22.450000160573,16.01));
#1796=CARTESIAN_POINT('Origin',(73.0000003211595,67.45000032117,16.26));
#1797=CARTESIAN_POINT('',(72.9999996788395,77.450000000004,16.01));
#1798=CARTESIAN_POINT('',(72.9999997109555,76.950000000004,16.51));
#1799=CARTESIAN_POINT('',(72.9999996788395,77.450000000004,16.01));
#1800=CARTESIAN_POINT('Origin',(73.0000003211595,67.45000032117,16.51));
#1801=CARTESIAN_POINT('Origin',(73.0000003211595,67.45000032117,16.01));
#1802=CARTESIAN_POINT('Origin',(57.9999998394333,77.200000000003,16.26));
#1803=CARTESIAN_POINT('',(12.9999999999994,77.45,16.01));
#1804=CARTESIAN_POINT('',(12.9999999999994,76.95,16.51));
#1805=CARTESIAN_POINT('',(12.9999999999994,77.45,16.01));
#1806=CARTESIAN_POINT('',(57.9999998394333,76.950000000003,16.51));
#1807=CARTESIAN_POINT('',(57.9999998394332,77.450000000003,16.01));
#1808=CARTESIAN_POINT('Origin',(12.9999996788297,67.45000032117,16.26));
#1809=CARTESIAN_POINT('Origin',(12.9999996788297,67.45000032117,16.51));
#1810=CARTESIAN_POINT('Origin',(12.9999996788297,67.45000032117,16.01));
#1811=CARTESIAN_POINT('Origin',(73.0000003211595,7.44999967889998,1.51));
#1812=CARTESIAN_POINT('',(72.999999999994,-2.54999999999999,-0.990000000000002));
#1813=CARTESIAN_POINT('',(72.999999999994,-2.54999999999999,1.51));
#1814=CARTESIAN_POINT('',(83.0000000000595,7.45000032110006,-0.990000000000002));
#1815=CARTESIAN_POINT('Origin',(73.0000003211595,7.44999967889998,-0.990000000000002));
#1816=CARTESIAN_POINT('',(83.0000000000595,7.45000032110006,1.51));
#1817=CARTESIAN_POINT('Origin',(13.0000003211697,-2.54999999992999,1.51));
#1818=CARTESIAN_POINT('',(13.0000003211697,-2.54999999992998,-0.990000000000002));
#1819=CARTESIAN_POINT('',(13.0000003211697,-2.54999999992999,1.51));
#1820=CARTESIAN_POINT('',(13.0000003211697,-2.54999999992999,-0.990000000000002));
#1821=CARTESIAN_POINT('Origin',(12.9999996788297,7.44999967889999,1.51));
#1822=CARTESIAN_POINT('',(2.99999999999971,7.44999999999968,-0.990000000000002));
#1823=CARTESIAN_POINT('',(2.99999999999971,7.44999999999968,1.51));
#1824=CARTESIAN_POINT('Origin',(12.9999996788297,7.44999967889999,-0.990000000000002));
#1825=CARTESIAN_POINT('Origin',(2.99999999999972,67.44999967883,1.51));
#1826=CARTESIAN_POINT('',(2.99999999999972,67.44999967883,-0.990000000000003));
#1827=CARTESIAN_POINT('',(2.99999999999973,67.44999967883,1.51));
#1828=CARTESIAN_POINT('',(2.99999999999972,67.44999967883,-0.990000000000003));
#1829=CARTESIAN_POINT('Origin',(43.0000000000296,37.450000000002,16.51));
#1830=CARTESIAN_POINT('',(77.9999999999935,67.45,16.51));
#1831=CARTESIAN_POINT('',(77.9999999999935,7.45000000000001,16.51));
#1832=CARTESIAN_POINT('',(77.9999999999935,7.45000000000001,16.51));
#1833=CARTESIAN_POINT('',(72.9999999999995,2.45000000000001,16.51));
#1834=CARTESIAN_POINT('Origin',(73.0000003211595,7.44999967889998,16.51));
#1835=CARTESIAN_POINT('',(12.9999999999997,2.45000000006602,16.51));
#1836=CARTESIAN_POINT('',(12.9999999999997,2.45000000006602,16.51));
#1837=CARTESIAN_POINT('',(7.99999999999971,7.45000000000001,16.51));
#1838=CARTESIAN_POINT('Origin',(12.9999996788297,7.44999967889999,16.51));
#1839=CARTESIAN_POINT('',(7.99999999999572,67.45,16.51));
#1840=CARTESIAN_POINT('',(7.99999999999572,67.45,16.51));
#1841=CARTESIAN_POINT('',(12.9999999999997,72.45,16.51));
#1842=CARTESIAN_POINT('Origin',(12.9999996788297,67.45000032117,16.51));
#1843=CARTESIAN_POINT('',(72.9999999999995,72.450000000004,16.51));
#1844=CARTESIAN_POINT('',(72.9999999999995,72.450000000004,16.51));
#1845=CARTESIAN_POINT('Origin',(73.0000003211595,67.45000032117,16.51));
#1846=CARTESIAN_POINT('Origin',(73.0000000000462,67.4499999999533,1.51));
#1847=CARTESIAN_POINT('',(75.5000000000462,67.4499999999533,14.91));
#1848=CARTESIAN_POINT('Origin',(73.0000000000462,67.4499999999533,14.91));
#1849=CARTESIAN_POINT('',(75.5000000000462,67.4499999999533,10.91));
#1850=CARTESIAN_POINT('',(75.5000000000462,67.4499999999533,1.51));
#1851=CARTESIAN_POINT('Origin',(73.0000000000462,67.4499999999533,10.91));
#1852=CARTESIAN_POINT('Origin',(73.0000000000462,67.4499999999533,1.51));
#1853=CARTESIAN_POINT('',(77.0000000000462,67.4499999999533,14.91));
#1854=CARTESIAN_POINT('Origin',(73.0000000000462,67.4499999999533,14.91));
#1855=CARTESIAN_POINT('',(77.0000000000462,67.4499999999533,1.51));
#1856=CARTESIAN_POINT('',(77.0000000000462,67.4499999999533,1.51));
#1857=CARTESIAN_POINT('Origin',(73.0000000000462,67.4499999999533,1.51));
#1858=CARTESIAN_POINT('Origin',(73.0000000000462,67.4499999999533,14.91));
#1859=CARTESIAN_POINT('Origin',(13.0000000000464,7.44999999995327,1.51));
#1860=CARTESIAN_POINT('',(15.5000000000464,7.44999999995327,14.91));
#1861=CARTESIAN_POINT('Origin',(13.0000000000464,7.44999999995327,14.91));
#1862=CARTESIAN_POINT('',(15.5000000000464,7.44999999995327,10.91));
#1863=CARTESIAN_POINT('',(15.5000000000464,7.44999999995327,1.51));
#1864=CARTESIAN_POINT('Origin',(13.0000000000464,7.44999999995327,10.91));
#1865=CARTESIAN_POINT('Origin',(13.0000000000464,7.44999999995327,1.51));
#1866=CARTESIAN_POINT('',(17.0000000000464,7.44999999995327,14.91));
#1867=CARTESIAN_POINT('Origin',(13.0000000000464,7.44999999995327,14.91));
#1868=CARTESIAN_POINT('',(17.0000000000464,7.44999999995327,1.51));
#1869=CARTESIAN_POINT('',(17.0000000000464,7.44999999995327,1.51));
#1870=CARTESIAN_POINT('Origin',(13.0000000000464,7.44999999995327,1.51));
#1871=CARTESIAN_POINT('Origin',(13.0000000000464,7.44999999995327,14.91));
#1872=CARTESIAN_POINT('Origin',(73.0000000000462,67.4499999999533,10.91));
#1873=CARTESIAN_POINT('Origin',(13.0000000000464,7.44999999995327,10.91));
#1874=CARTESIAN_POINT('Origin',(73.0000000000462,7.44999999995327,1.51));
#1875=CARTESIAN_POINT('',(74.5000000000462,7.44999999995327,16.51));
#1876=CARTESIAN_POINT('Origin',(73.0000000000462,7.44999999995327,16.51));
#1877=CARTESIAN_POINT('',(74.5000000000462,7.44999999995327,14.91));
#1878=CARTESIAN_POINT('',(74.5000000000462,7.44999999995327,1.51));
#1879=CARTESIAN_POINT('Origin',(73.0000000000462,7.44999999995327,14.91));
#1880=CARTESIAN_POINT('Origin',(73.0000000000462,7.44999999995327,16.51));
#1881=CARTESIAN_POINT('Origin',(13.0000000000464,67.4499999999533,1.51));
#1882=CARTESIAN_POINT('',(14.5000000000464,67.4499999999533,16.51));
#1883=CARTESIAN_POINT('Origin',(13.0000000000464,67.4499999999533,16.51));
#1884=CARTESIAN_POINT('',(14.5000000000464,67.4499999999533,14.91));
#1885=CARTESIAN_POINT('',(14.5000000000464,67.4499999999533,1.51));
#1886=CARTESIAN_POINT('Origin',(13.0000000000464,67.4499999999533,14.91));
#1887=CARTESIAN_POINT('Origin',(13.0000000000464,67.4499999999533,16.51));
#1888=CARTESIAN_POINT('Origin',(73.0000000000462,7.44999999995327,1.51));
#1889=CARTESIAN_POINT('',(77.0000000000462,7.44999999995327,14.91));
#1890=CARTESIAN_POINT('Origin',(73.0000000000462,7.44999999995327,14.91));
#1891=CARTESIAN_POINT('',(77.0000000000462,7.44999999995327,1.51));
#1892=CARTESIAN_POINT('',(77.0000000000462,7.44999999995327,1.51));
#1893=CARTESIAN_POINT('Origin',(73.0000000000462,7.44999999995327,1.51));
#1894=CARTESIAN_POINT('Origin',(73.0000000000462,7.44999999995327,14.91));
#1895=CARTESIAN_POINT('Origin',(42.9999999999966,37.450000000002,1.51));
#1896=CARTESIAN_POINT('',(72.9999999999995,72.450000000004,1.51));
#1897=CARTESIAN_POINT('',(77.9999999999935,67.45,1.51));
#1898=CARTESIAN_POINT('Origin',(73.0000003211595,67.45000032117,1.51));
#1899=CARTESIAN_POINT('',(64.500000785801,72.4499999999992,1.51));
#1900=CARTESIAN_POINT('',(27.999999999997,72.450000000001,1.51));
#1901=CARTESIAN_POINT('',(64.500000785801,73.9499999999992,1.51));
#1902=CARTESIAN_POINT('',(64.500000785801,72.4499999999992,1.51));
#1903=CARTESIAN_POINT('',(21.4999994370411,73.9499999999992,1.51));
#1904=CARTESIAN_POINT('',(21.4999994370411,73.9499999999992,1.51));
#1905=CARTESIAN_POINT('',(21.4999994370411,72.4499999999992,1.51));
#1906=CARTESIAN_POINT('',(21.4999994370411,72.4499999999992,1.51));
#1907=CARTESIAN_POINT('',(12.9999999999997,72.45,1.51));
#1908=CARTESIAN_POINT('',(27.999999999997,72.450000000001,1.51));
#1909=CARTESIAN_POINT('',(7.99999999999971,67.45,1.51));
#1910=CARTESIAN_POINT('Origin',(12.9999996788297,67.45000032117,1.51));
#1911=CARTESIAN_POINT('',(7.99999999999971,7.45000000000001,1.51));
#1912=CARTESIAN_POINT('',(7.99999999999871,22.4499999999999,1.51));
#1913=CARTESIAN_POINT('',(12.9999999999997,2.45000000007,1.51));
#1914=CARTESIAN_POINT('Origin',(12.9999996788297,7.44999967889999,1.51));
#1915=CARTESIAN_POINT('',(72.9999999999995,2.45000000006602,1.51));
#1916=CARTESIAN_POINT('',(57.9999999999788,2.45000000001651,1.51));
#1917=CARTESIAN_POINT('',(77.9999999999935,7.45000000000001,1.51));
#1918=CARTESIAN_POINT('Origin',(73.0000003211595,7.44999967889998,1.51));
#1919=CARTESIAN_POINT('',(77.9999999999935,52.450000000001,1.51));
#1920=CARTESIAN_POINT('',(17.0000000000464,67.4499999999533,1.51));
#1921=CARTESIAN_POINT('Origin',(13.0000000000464,67.4499999999533,1.51));
#1922=CARTESIAN_POINT('',(62.900000111421,70.3550125216804,1.51));
#1923=CARTESIAN_POINT('Origin',(60.900000111421,70.3550125216804,1.51));
#1924=CARTESIAN_POINT('',(27.1000001263221,70.3550125216804,1.51));
#1925=CARTESIAN_POINT('Origin',(25.100000111421,70.3550125216804,1.51));
#1926=CARTESIAN_POINT('',(62.8999978118435,34.5550125216804,1.51));
#1927=CARTESIAN_POINT('Origin',(60.8999978118435,34.5550125216804,1.51));
#1928=CARTESIAN_POINT('',(27.100000111421,34.5550125216803,1.51));
#1929=CARTESIAN_POINT('Origin',(25.100000111421,34.5550125216803,1.51));
#1930=CARTESIAN_POINT('Origin',(13.0000000000464,67.4499999999533,1.51));
#1931=CARTESIAN_POINT('',(17.0000000000464,67.4499999999533,14.91));
#1932=CARTESIAN_POINT('Origin',(13.0000000000464,67.4499999999533,14.91));
#1933=CARTESIAN_POINT('',(17.0000000000464,67.4499999999533,1.51));
#1934=CARTESIAN_POINT('Origin',(13.0000000000464,67.4499999999533,14.91));
#1935=CARTESIAN_POINT('Origin',(73.0000003211595,67.45000032117,-0.990000000000002));
#1936=CARTESIAN_POINT('',(68.0000003211595,67.45000032117,-0.990000000000002));
#1937=CARTESIAN_POINT('Origin',(73.0000003211595,67.45000032117,-0.990000000000003));
#1938=CARTESIAN_POINT('',(68.0000003211595,67.45000032117,-0.490000000000002));
#1939=CARTESIAN_POINT('',(68.0000003211595,67.45000032117,-0.990000000000002));
#1940=CARTESIAN_POINT('Origin',(73.0000003211595,67.45000032117,-0.490000000000002));
#1941=CARTESIAN_POINT('Origin',(73.0000003211595,67.45000032117,-0.490000000000002));
#1942=CARTESIAN_POINT('Origin',(12.9999996788297,7.44999967889999,-0.990000000000002));
#1943=CARTESIAN_POINT('',(7.99999967882969,7.44999967889999,-0.990000000000002));
#1944=CARTESIAN_POINT('Origin',(12.9999996788297,7.44999967889999,-0.990000000000003));
#1945=CARTESIAN_POINT('',(7.99999967882969,7.44999967889999,-0.490000000000002));
#1946=CARTESIAN_POINT('',(7.99999967882969,7.44999967889999,-0.990000000000002));
#1947=CARTESIAN_POINT('Origin',(12.9999996788297,7.44999967889999,-0.490000000000002));
#1948=CARTESIAN_POINT('Origin',(12.9999996788297,7.44999967889999,-0.490000000000002));
#1949=CARTESIAN_POINT('Origin',(12.9999996788297,67.45000032117,-0.990000000000002));
#1950=CARTESIAN_POINT('',(7.9999996788297,67.45000032117,-0.990000000000002));
#1951=CARTESIAN_POINT('Origin',(12.9999996788297,67.45000032117,-0.990000000000003));
#1952=CARTESIAN_POINT('',(7.9999996788297,67.45000032117,-0.490000000000002));
#1953=CARTESIAN_POINT('',(7.9999996788297,67.45000032117,-0.990000000000002));
#1954=CARTESIAN_POINT('Origin',(12.9999996788297,67.45000032117,-0.490000000000002));
#1955=CARTESIAN_POINT('Origin',(12.9999996788297,67.45000032117,-0.490000000000002));
#1956=CARTESIAN_POINT('Origin',(73.0000003211595,7.44999967889998,-0.990000000000002));
#1957=CARTESIAN_POINT('',(68.0000003211595,7.44999967889998,-0.990000000000002));
#1958=CARTESIAN_POINT('Origin',(73.0000003211595,7.44999967889998,-0.990000000000003));
#1959=CARTESIAN_POINT('',(68.0000003211595,7.44999967889998,-0.490000000000002));
#1960=CARTESIAN_POINT('',(68.0000003211595,7.44999967889998,-0.990000000000002));
#1961=CARTESIAN_POINT('Origin',(73.0000003211595,7.44999967889998,-0.490000000000002));
#1962=CARTESIAN_POINT('Origin',(73.0000003211595,7.44999967889998,-0.490000000000002));
#1963=CARTESIAN_POINT('Origin',(64.500000785801,72.4499999999992,11.0200000000001));
#1964=CARTESIAN_POINT('',(64.500000785801,72.4499999999992,11.0200000000001));
#1965=CARTESIAN_POINT('',(64.500000785801,72.4500000000034,6.26500000000006));
#1966=CARTESIAN_POINT('',(64.500000785801,73.9499999999992,11.0200000000001));
#1967=CARTESIAN_POINT('',(64.500000785801,72.4499999999992,11.0200000000001));
#1968=CARTESIAN_POINT('',(64.500000785801,73.9499999999992,1.51));
#1969=CARTESIAN_POINT('Origin',(21.4999994370411,72.4499999999992,11.0200000000001));
#1970=CARTESIAN_POINT('',(21.4999994370411,72.4499999999992,11.0200000000001));
#1971=CARTESIAN_POINT('',(17.2499997185204,72.4500000000003,11.0200000000001));
#1972=CARTESIAN_POINT('',(21.4999994370411,73.9499999999992,11.0200000000001));
#1973=CARTESIAN_POINT('',(21.4999994370411,72.4499999999992,11.0200000000001));
#1974=CARTESIAN_POINT('',(64.500000785801,73.9499999999992,11.0200000000001));
#1975=CARTESIAN_POINT('Origin',(21.4999994370411,72.4499999999992,1.51));
#1976=CARTESIAN_POINT('',(21.4999994370411,72.4500000000006,1.51));
#1977=CARTESIAN_POINT('',(21.4999994370411,73.9499999999992,11.0200000000001));
#1978=CARTESIAN_POINT('Origin',(43.000000111421,73.9499999999992,6.26500000000006));
#1979=CARTESIAN_POINT('',(46.470000111421,73.9499999999992,3.68500000000016));
#1980=CARTESIAN_POINT('',(48.440000111421,73.9499999999992,5.65500000000017));
#1981=CARTESIAN_POINT('Origin',(46.470000111421,73.9499999999992,5.65500000000016));
#1982=CARTESIAN_POINT('',(39.530000111421,73.9499999999992,3.6850000000001));
#1983=CARTESIAN_POINT('',(41.265000111421,73.9499999999992,3.68500000000012));
#1984=CARTESIAN_POINT('',(37.560000111421,73.9499999999992,5.65500000000009));
#1985=CARTESIAN_POINT('Origin',(39.530000111421,73.9499999999992,5.65500000000011));
#1986=CARTESIAN_POINT('',(37.560000111421,73.9499999999992,6.85500000000009));
#1987=CARTESIAN_POINT('',(37.560000111421,73.9499999999992,6.56000000000006));
#1988=CARTESIAN_POINT('',(39.530000111421,73.9499999999992,8.82500000000011));
#1989=CARTESIAN_POINT('Origin',(39.530000111421,73.9499999999992,6.8550000000001));
#1990=CARTESIAN_POINT('',(46.470000111421,73.9499999999992,8.82500000000016));
#1991=CARTESIAN_POINT('',(44.735000111421,73.9499999999992,8.82500000000014));
#1992=CARTESIAN_POINT('',(48.440000111421,73.9499999999992,6.85500000000017));
#1993=CARTESIAN_POINT('Origin',(46.470000111421,73.9499999999992,6.85500000000015));
#1994=CARTESIAN_POINT('',(48.440000111421,73.9499999999992,5.96000000000014));
#1995=CARTESIAN_POINT('Origin',(37.560000111421,77.4499999999992,6.85500000000009));
#1996=CARTESIAN_POINT('',(37.560000111421,77.4499999999992,5.65500000000009));
#1997=CARTESIAN_POINT('',(37.560000111421,77.4499999999992,5.65500000000009));
#1998=CARTESIAN_POINT('',(37.560000111421,77.4499999999992,6.85500000000009));
#1999=CARTESIAN_POINT('',(37.560000111421,77.4500000000016,4.18249999999991));
#2000=CARTESIAN_POINT('',(37.560000111421,77.4499999999992,6.85500000000009));
#2001=CARTESIAN_POINT('Origin',(39.530000111421,77.4499999999992,5.65500000000011));
#2002=CARTESIAN_POINT('',(39.530000111421,77.4499999999992,3.68500000000011));
#2003=CARTESIAN_POINT('',(39.530000111421,77.4499999999992,3.68500000000011));
#2004=CARTESIAN_POINT('Origin',(39.530000111421,77.450000000004,5.65500000000011));
#2005=CARTESIAN_POINT('Origin',(39.530000111421,77.4499999999992,3.68500000000011));
#2006=CARTESIAN_POINT('',(46.470000111421,77.4499999999992,3.68500000000015));
#2007=CARTESIAN_POINT('',(46.470000111421,77.4499999999992,3.68500000000015));
#2008=CARTESIAN_POINT('',(56.2649998951303,77.4500000000029,3.68500000000022));
#2009=CARTESIAN_POINT('Origin',(46.470000111421,77.4499999999992,5.65500000000016));
#2010=CARTESIAN_POINT('',(48.440000111421,77.4499999999992,5.65500000000017));
#2011=CARTESIAN_POINT('',(48.440000111421,77.4499999999992,5.65500000000017));
#2012=CARTESIAN_POINT('Origin',(46.470000111421,77.450000000004,5.65500000000016));
#2013=CARTESIAN_POINT('Origin',(12.9999999999997,72.45,1.51));
#2014=CARTESIAN_POINT('',(72.9999999999995,72.450000000004,1.51));
#2015=CARTESIAN_POINT('',(12.9999999999997,72.45,1.51));
#2016=CARTESIAN_POINT('Origin',(39.530000111421,77.4499999999992,6.8550000000001));
#2017=CARTESIAN_POINT('',(39.530000111421,77.4499999999992,8.8250000000001));
#2018=CARTESIAN_POINT('Origin',(39.530000111421,77.450000000004,6.8550000000001));
#2019=CARTESIAN_POINT('',(39.530000111421,77.4499999999992,8.8250000000001));
#2020=CARTESIAN_POINT('Origin',(46.470000111421,77.4499999999992,8.82500000000016));
#2021=CARTESIAN_POINT('',(46.470000111421,77.4499999999992,8.82500000000016));
#2022=CARTESIAN_POINT('',(59.7349998951302,77.4500000000031,8.82500000000026));
#2023=CARTESIAN_POINT('',(46.470000111421,77.4499999999992,8.82500000000016));
#2024=CARTESIAN_POINT('Origin',(46.470000111421,77.4499999999992,6.85500000000015));
#2025=CARTESIAN_POINT('',(48.440000111421,77.4499999999992,6.85500000000017));
#2026=CARTESIAN_POINT('Origin',(46.470000111421,77.450000000004,6.85500000000015));
#2027=CARTESIAN_POINT('',(48.440000111421,77.4499999999992,6.85500000000017));
#2028=CARTESIAN_POINT('Origin',(48.440000111421,77.4499999999992,5.65500000000017));
#2029=CARTESIAN_POINT('',(48.440000111421,77.4500000000024,3.58249999999999));
#2030=CARTESIAN_POINT('Origin',(60.900000111421,70.3550125216804,1.51));
#2031=CARTESIAN_POINT('',(62.900000111421,70.3550125216804,3.01));
#2032=CARTESIAN_POINT('Origin',(60.900000111421,70.3550125216804,3.01));
#2033=CARTESIAN_POINT('',(62.900000111421,70.3550125216804,1.51));
#2034=CARTESIAN_POINT('Origin',(60.900000111421,70.3550125216804,3.01));
#2035=CARTESIAN_POINT('',(61.900000111421,70.3550125216804,3.01));
#2036=CARTESIAN_POINT('Origin',(60.900000111421,70.3550125216804,3.01));
#2037=CARTESIAN_POINT('Origin',(25.100000111421,70.3550125216804,1.51));
#2038=CARTESIAN_POINT('',(27.1000001263221,70.3550125216804,3.01));
#2039=CARTESIAN_POINT('Origin',(25.100000111421,70.3550125216804,3.01));
#2040=CARTESIAN_POINT('',(27.1000001263221,70.3550125216804,1.51));
#2041=CARTESIAN_POINT('Origin',(25.100000111421,70.3550125216804,3.01));
#2042=CARTESIAN_POINT('',(26.1000001263221,70.3550125216804,3.01));
#2043=CARTESIAN_POINT('Origin',(25.100000111421,70.3550125216804,3.01));
#2044=CARTESIAN_POINT('Origin',(60.8999978118435,34.5550125216804,1.51));
#2045=CARTESIAN_POINT('',(62.8999978118435,34.5550125216804,3.01));
#2046=CARTESIAN_POINT('Origin',(60.8999978118435,34.5550125216804,3.01));
#2047=CARTESIAN_POINT('',(62.8999978118435,34.5550125216804,1.51));
#2048=CARTESIAN_POINT('Origin',(60.8999978118435,34.5550125216804,3.01));
#2049=CARTESIAN_POINT('',(61.8999978118435,34.5550125216804,3.01));
#2050=CARTESIAN_POINT('Origin',(60.8999978118435,34.5550125216804,3.01));
#2051=CARTESIAN_POINT('Origin',(25.100000111421,34.5550125216803,1.51));
#2052=CARTESIAN_POINT('',(27.100000111421,34.5550125216803,3.01));
#2053=CARTESIAN_POINT('Origin',(25.100000111421,34.5550125216803,3.01));
#2054=CARTESIAN_POINT('',(27.100000111421,34.5550125216803,1.51));
#2055=CARTESIAN_POINT('Origin',(25.100000111421,34.5550125216803,3.01));
#2056=CARTESIAN_POINT('',(26.100000111421,34.5550125216803,3.01));
#2057=CARTESIAN_POINT('Origin',(25.100000111421,34.5550125216803,3.01));
#2058=CARTESIAN_POINT('Origin',(60.8999978118435,34.5550125216804,1.51));
#2059=CARTESIAN_POINT('',(61.8999978118435,34.5550125216804,6.51));
#2060=CARTESIAN_POINT('Origin',(60.8999978118435,34.5550125216804,6.51));
#2061=CARTESIAN_POINT('',(61.8999978118435,34.5550125216804,1.51));
#2062=CARTESIAN_POINT('Origin',(60.8999978118435,34.5550125216804,6.51));
#2063=CARTESIAN_POINT('Origin',(25.100000111421,34.5550125216803,1.51));
#2064=CARTESIAN_POINT('',(26.100000111421,34.5550125216803,6.51));
#2065=CARTESIAN_POINT('Origin',(25.100000111421,34.5550125216803,6.51));
#2066=CARTESIAN_POINT('',(26.100000111421,34.5550125216803,1.51));
#2067=CARTESIAN_POINT('Origin',(25.100000111421,34.5550125216803,6.51));
#2068=CARTESIAN_POINT('Origin',(25.100000111421,70.3550125216804,1.51));
#2069=CARTESIAN_POINT('',(26.1000001263221,70.3550125216804,6.51));
#2070=CARTESIAN_POINT('Origin',(25.100000111421,70.3550125216804,6.51));
#2071=CARTESIAN_POINT('',(26.1000001263221,70.3550125216804,1.51));
#2072=CARTESIAN_POINT('Origin',(25.100000111421,70.3550125216804,6.51));
#2073=CARTESIAN_POINT('Origin',(60.900000111421,70.3550125216804,1.51));
#2074=CARTESIAN_POINT('',(61.900000111421,70.3550125216804,6.51));
#2075=CARTESIAN_POINT('Origin',(60.900000111421,70.3550125216804,6.51));
#2076=CARTESIAN_POINT('',(61.900000111421,70.3550125216804,1.51));
#2077=CARTESIAN_POINT('Origin',(60.900000111421,70.3550125216804,6.51));
#2078=CARTESIAN_POINT('Origin',(7.99999999999971,7.45000000000001,1.51));
#2079=CARTESIAN_POINT('',(7.99999999999572,67.45,1.51));
#2080=CARTESIAN_POINT('',(7.99999999999971,7.45000000000001,1.51));
#2081=CARTESIAN_POINT('Origin',(12.9999996788297,67.45000032117,1.51));
#2082=CARTESIAN_POINT('Origin',(73.0000003211595,67.45000032117,1.51));
#2083=CARTESIAN_POINT('',(77.9999999999935,67.45,1.51));
#2084=CARTESIAN_POINT('Origin',(43.0000000000296,37.450000000002,-0.990000000000003));
#2085=CARTESIAN_POINT('',(12.9999999999994,77.45,-0.990000000000003));
#2086=CARTESIAN_POINT('Origin',(12.9999996788297,67.45000032117,-0.990000000000003));
#2087=CARTESIAN_POINT('',(72.9999996788395,77.450000000004,-0.990000000000003));
#2088=CARTESIAN_POINT('',(72.9999996788395,77.450000000004,-0.990000000000003));
#2089=CARTESIAN_POINT('',(82.9999999999935,67.45,-0.990000000000003));
#2090=CARTESIAN_POINT('Origin',(73.0000003211595,67.45000032117,-0.990000000000003));
#2091=CARTESIAN_POINT('',(83.0000000000595,7.45000032110006,-0.990000000000002));
#2092=CARTESIAN_POINT('Origin',(12.9999996788297,7.44999967889999,1.51));
#2093=CARTESIAN_POINT('',(12.9999999999997,2.45000000006602,1.51));
#2094=CARTESIAN_POINT('Origin',(72.9999999999995,2.45000000000001,1.51));
#2095=CARTESIAN_POINT('',(72.9999999999995,2.45000000000001,1.51));
#2096=CARTESIAN_POINT('Origin',(73.0000003211595,7.44999967889998,1.51));
#2097=CARTESIAN_POINT('',(77.9999999999935,7.45000000000001,1.51));
#2098=CARTESIAN_POINT('Origin',(77.9999999999935,67.45,1.51));
#2099=CARTESIAN_POINT('Origin',(72.9999996788395,77.450000000004,1.51));
#2100=CARTESIAN_POINT('',(72.9999996788395,77.450000000004,1.51));
#2101=CARTESIAN_POINT('',(12.9999999999994,77.45,1.51));
#2102=CARTESIAN_POINT('Origin',(73.0000003211595,67.45000032117,1.51));
#2103=CARTESIAN_POINT('',(82.9999999999935,67.45,1.51));
#2104=CARTESIAN_POINT('Origin',(83.0000000000595,7.45000032110006,1.51));
#2105=CARTESIAN_POINT('Origin',(12.9999996788297,67.45000032117,1.51));
#2106=UNCERTAINTY_MEASURE_WITH_UNIT(LENGTH_MEASURE(0.01),#2110,
'DISTANCE_ACCURACY_VALUE',
'Maximum model space distance between geometric entities at asserted c
onnectivities');
#2107=UNCERTAINTY_MEASURE_WITH_UNIT(LENGTH_MEASURE(0.01),#2110,
'DISTANCE_ACCURACY_VALUE',
'Maximum model space distance between geometric entities at asserted c
onnectivities');
#2108=(
GEOMETRIC_REPRESENTATION_CONTEXT(3)
GLOBAL_UNCERTAINTY_ASSIGNED_CONTEXT((#2106))
GLOBAL_UNIT_ASSIGNED_CONTEXT((#2110,#2112,#2113))
REPRESENTATION_CONTEXT('','3D')
);
#2109=(
GEOMETRIC_REPRESENTATION_CONTEXT(3)
GLOBAL_UNCERTAINTY_ASSIGNED_CONTEXT((#2107))
GLOBAL_UNIT_ASSIGNED_CONTEXT((#2110,#2112,#2113))
REPRESENTATION_CONTEXT('','3D')
);
#2110=(
LENGTH_UNIT()
NAMED_UNIT(*)
SI_UNIT(.MILLI.,.METRE.)
);
#2111=(
LENGTH_UNIT()
NAMED_UNIT(*)
SI_UNIT($,.METRE.)
);
#2112=(
NAMED_UNIT(*)
PLANE_ANGLE_UNIT()
SI_UNIT($,.RADIAN.)
);
#2113=(
NAMED_UNIT(*)
SI_UNIT($,.STERADIAN.)
SOLID_ANGLE_UNIT()
);
#2114=SHAPE_DEFINITION_REPRESENTATION(#2115,#2116);
#2115=PRODUCT_DEFINITION_SHAPE('',$,#2118);
#2116=SHAPE_REPRESENTATION('',(#1226),#2108);
#2117=PRODUCT_DEFINITION_CONTEXT('part definition',#2122,'design');
#2118=PRODUCT_DEFINITION('2025-08-26-23-00-47-305','FusionComponent',#2119,
#2117);
#2119=PRODUCT_DEFINITION_FORMATION('',$,#2124);
#2120=PRODUCT_RELATED_PRODUCT_CATEGORY('FusionComponent',
'FusionComponent',(#2124));
#2121=APPLICATION_PROTOCOL_DEFINITION('international standard',
'automotive_design',2009,#2122);
#2122=APPLICATION_CONTEXT(
'Core Data for Automotive Mechanical Design Process');
#2123=PRODUCT_CONTEXT('part definition',#2122,'mechanical');
#2124=PRODUCT('2025-08-26-23-00-47-305','FusionComponent',$,(#2123));
#2125=PRESENTATION_STYLE_ASSIGNMENT((#2127));
#2126=PRESENTATION_STYLE_ASSIGNMENT((#2128));
#2127=SURFACE_STYLE_USAGE(.BOTH.,#2129);
#2128=SURFACE_STYLE_USAGE(.BOTH.,#2130);
#2129=SURFACE_SIDE_STYLE('',(#2131));
#2130=SURFACE_SIDE_STYLE('',(#2132));
#2131=SURFACE_STYLE_FILL_AREA(#2133);
#2132=SURFACE_STYLE_FILL_AREA(#2134);
#2133=FILL_AREA_STYLE('Steel - Satin',(#2135));
#2134=FILL_AREA_STYLE('Nylon 12 (with Formlabs Fuse 1 3D Printer)',(#2136));
#2135=FILL_AREA_STYLE_COLOUR('Steel - Satin',#2137);
#2136=FILL_AREA_STYLE_COLOUR(
'Nylon 12 (with Formlabs Fuse 1 3D Printer)',#2138);
#2137=COLOUR_RGB('Steel - Satin',0.627450980392157,0.627450980392157,0.627450980392157);
#2138=COLOUR_RGB('Nylon 12 (with Formlabs Fuse 1 3D Printer)',0.247058823529412,
0.247058823529412,0.247058823529412);
ENDSEC;
END-ISO-10303-21;
